{
  "_format": "hh-sol-cache-2",
  "files": {
    "C:\\Users\\sheng\\bep007-non-fungible-agents-nfa\\contracts\\BEP007.sol": {
      "lastModificationDate": 1749670930371,
      "contentHash": "e87625c9eaf824f3185d0d9701298998",
      "sourceName": "contracts/BEP007.sol",
      "solcConfig": {
        "version": "0.8.17",
        "settings": {
          "optimizer": {
            "enabled": true,
            "runs": 200
          },
          "viaIR": true,
          "outputSelection": {
            "*": {
              "*": [
                "abi",
                "evm.bytecode",
                "evm.deployedBytecode",
                "evm.methodIdentifiers",
                "metadata",
                "storageLayout"
              ],
              "": [
                "ast"
              ]
            }
          }
        }
      },
      "imports": [
        "@openzeppelin/contracts-upgradeable/token/ERC721/ERC721Upgradeable.sol",
        "@openzeppelin/contracts-upgradeable/token/ERC721/extensions/ERC721EnumerableUpgradeable.sol",
        "@openzeppelin/contracts-upgradeable/token/ERC721/extensions/ERC721URIStorageUpgradeable.sol",
        "@openzeppelin/contracts-upgradeable/security/ReentrancyGuardUpgradeable.sol",
        "@openzeppelin/contracts-upgradeable/access/OwnableUpgradeable.sol",
        "@openzeppelin/contracts-upgradeable/proxy/utils/UUPSUpgradeable.sol",
        "@openzeppelin/contracts-upgradeable/utils/CountersUpgradeable.sol",
        "./interfaces/IBEP007.sol"
      ],
      "versionPragmas": [
        "^0.8.0"
      ],
      "artifacts": [
        "BEP007"
      ]
    },
    "C:\\Users\\sheng\\bep007-non-fungible-agents-nfa\\contracts\\interfaces\\IBEP007.sol": {
      "lastModificationDate": 1749666959194,
      "contentHash": "d44ea2a1e8b9ecb51d01f2ba5bc4475d",
      "sourceName": "contracts/interfaces/IBEP007.sol",
      "solcConfig": {
        "version": "0.8.17",
        "settings": {
          "optimizer": {
            "enabled": true,
            "runs": 200
          },
          "viaIR": true,
          "outputSelection": {
            "*": {
              "*": [
                "abi",
                "evm.bytecode",
                "evm.deployedBytecode",
                "evm.methodIdentifiers",
                "metadata",
                "storageLayout"
              ],
              "": [
                "ast"
              ]
            }
          }
        }
      },
      "imports": [],
      "versionPragmas": [
        "^0.8.0"
      ],
      "artifacts": [
        "IBEP007"
      ]
    },
    "D:\\work\\leo\\bep007-non-fungible-agents-nfa\\contracts\\BEP007.sol": {
      "lastModificationDate": 1749678924751,
      "contentHash": "ec4263194c6652af7023a22b81827898",
      "sourceName": "contracts/BEP007.sol",
      "solcConfig": {
        "version": "0.8.17",
        "settings": {
          "optimizer": {
            "enabled": true,
            "runs": 200
          },
          "viaIR": true,
          "outputSelection": {
            "*": {
              "*": [
                "abi",
                "evm.bytecode",
                "evm.deployedBytecode",
                "evm.methodIdentifiers",
                "metadata",
                "storageLayout"
              ],
              "": [
                "ast"
              ]
            }
          }
        }
      },
      "imports": [
        "@openzeppelin/contracts-upgradeable/token/ERC721/ERC721Upgradeable.sol",
        "@openzeppelin/contracts-upgradeable/token/ERC721/extensions/ERC721EnumerableUpgradeable.sol",
        "@openzeppelin/contracts-upgradeable/token/ERC721/extensions/ERC721URIStorageUpgradeable.sol",
        "@openzeppelin/contracts-upgradeable/security/ReentrancyGuardUpgradeable.sol",
        "@openzeppelin/contracts-upgradeable/access/OwnableUpgradeable.sol",
        "@openzeppelin/contracts-upgradeable/proxy/utils/UUPSUpgradeable.sol",
        "@openzeppelin/contracts-upgradeable/utils/CountersUpgradeable.sol",
        "./interfaces/IBEP007.sol"
      ],
      "versionPragmas": [
        "^0.8.0"
      ],
      "artifacts": [
        "BEP007"
      ]
    },
    "D:\\work\\leo\\bep007-non-fungible-agents-nfa\\contracts\\interfaces\\IBEP007.sol": {
      "lastModificationDate": 1749678865585,
      "contentHash": "8ebec3c79001540a6cf8d2460781a734",
      "sourceName": "contracts/interfaces/IBEP007.sol",
      "solcConfig": {
        "version": "0.8.17",
        "settings": {
          "optimizer": {
            "enabled": true,
            "runs": 200
          },
          "viaIR": true,
          "outputSelection": {
            "*": {
              "*": [
                "abi",
                "evm.bytecode",
                "evm.deployedBytecode",
                "evm.methodIdentifiers",
                "metadata",
                "storageLayout"
              ],
              "": [
                "ast"
              ]
            }
          }
        }
      },
      "imports": [],
      "versionPragmas": [
        "^0.8.0"
      ],
      "artifacts": [
        "IBEP007"
      ]
    },
    "D:\\work\\leo\\bep007-non-fungible-agents-nfa\\node_modules\\@openzeppelin\\contracts-upgradeable\\security\\ReentrancyGuardUpgradeable.sol": {
      "lastModificationDate": 1749672584851,
      "contentHash": "2c309ab8cb953d5db2a280f534c113cd",
      "sourceName": "@openzeppelin/contracts-upgradeable/security/ReentrancyGuardUpgradeable.sol",
      "solcConfig": {
        "version": "0.8.17",
        "settings": {
          "optimizer": {
            "enabled": true,
            "runs": 200
          },
          "viaIR": true,
          "outputSelection": {
            "*": {
              "*": [
                "abi",
                "evm.bytecode",
                "evm.deployedBytecode",
                "evm.methodIdentifiers",
                "metadata",
                "storageLayout"
              ],
              "": [
                "ast"
              ]
            }
          }
        }
      },
      "imports": [
        "../proxy/utils/Initializable.sol"
      ],
      "versionPragmas": [
        "^0.8.0"
      ],
      "artifacts": [
        "ReentrancyGuardUpgradeable"
      ]
    },
    "D:\\work\\leo\\bep007-non-fungible-agents-nfa\\node_modules\\@openzeppelin\\contracts-upgradeable\\token\\ERC721\\ERC721Upgradeable.sol": {
      "lastModificationDate": 1749672584171,
      "contentHash": "cf4ee017d1c233e20dc46b40c0f570c1",
      "sourceName": "@openzeppelin/contracts-upgradeable/token/ERC721/ERC721Upgradeable.sol",
      "solcConfig": {
        "version": "0.8.17",
        "settings": {
          "optimizer": {
            "enabled": true,
            "runs": 200
          },
          "viaIR": true,
          "outputSelection": {
            "*": {
              "*": [
                "abi",
                "evm.bytecode",
                "evm.deployedBytecode",
                "evm.methodIdentifiers",
                "metadata",
                "storageLayout"
              ],
              "": [
                "ast"
              ]
            }
          }
        }
      },
      "imports": [
        "./IERC721Upgradeable.sol",
        "./IERC721ReceiverUpgradeable.sol",
        "./extensions/IERC721MetadataUpgradeable.sol",
        "../../utils/AddressUpgradeable.sol",
        "../../utils/ContextUpgradeable.sol",
        "../../utils/StringsUpgradeable.sol",
        "../../utils/introspection/ERC165Upgradeable.sol",
        "../../proxy/utils/Initializable.sol"
      ],
      "versionPragmas": [
        "^0.8.0"
      ],
      "artifacts": [
        "ERC721Upgradeable"
      ]
    },
    "D:\\work\\leo\\bep007-non-fungible-agents-nfa\\node_modules\\@openzeppelin\\contracts-upgradeable\\access\\OwnableUpgradeable.sol": {
      "lastModificationDate": 1749672584811,
      "contentHash": "a70d53f7e468306c02c529ecaa1d59c5",
      "sourceName": "@openzeppelin/contracts-upgradeable/access/OwnableUpgradeable.sol",
      "solcConfig": {
        "version": "0.8.17",
        "settings": {
          "optimizer": {
            "enabled": true,
            "runs": 200
          },
          "viaIR": true,
          "outputSelection": {
            "*": {
              "*": [
                "abi",
                "evm.bytecode",
                "evm.deployedBytecode",
                "evm.methodIdentifiers",
                "metadata",
                "storageLayout"
              ],
              "": [
                "ast"
              ]
            }
          }
        }
      },
      "imports": [
        "../utils/ContextUpgradeable.sol",
        "../proxy/utils/Initializable.sol"
      ],
      "versionPragmas": [
        "^0.8.0"
      ],
      "artifacts": [
        "OwnableUpgradeable"
      ]
    },
    "D:\\work\\leo\\bep007-non-fungible-agents-nfa\\node_modules\\@openzeppelin\\contracts-upgradeable\\proxy\\utils\\UUPSUpgradeable.sol": {
      "lastModificationDate": 1749672585036,
      "contentHash": "c50df4f62eb9ef48d89b3a48a57e3bf5",
      "sourceName": "@openzeppelin/contracts-upgradeable/proxy/utils/UUPSUpgradeable.sol",
      "solcConfig": {
        "version": "0.8.17",
        "settings": {
          "optimizer": {
            "enabled": true,
            "runs": 200
          },
          "viaIR": true,
          "outputSelection": {
            "*": {
              "*": [
                "abi",
                "evm.bytecode",
                "evm.deployedBytecode",
                "evm.methodIdentifiers",
                "metadata",
                "storageLayout"
              ],
              "": [
                "ast"
              ]
            }
          }
        }
      },
      "imports": [
        "../../interfaces/draft-IERC1822Upgradeable.sol",
        "../ERC1967/ERC1967UpgradeUpgradeable.sol",
        "./Initializable.sol"
      ],
      "versionPragmas": [
        "^0.8.0"
      ],
      "artifacts": [
        "UUPSUpgradeable"
      ]
    },
    "D:\\work\\leo\\bep007-non-fungible-agents-nfa\\node_modules\\@openzeppelin\\contracts-upgradeable\\utils\\CountersUpgradeable.sol": {
      "lastModificationDate": 1749672583864,
      "contentHash": "2e908c762a799baea365e68a50500e2c",
      "sourceName": "@openzeppelin/contracts-upgradeable/utils/CountersUpgradeable.sol",
      "solcConfig": {
        "version": "0.8.17",
        "settings": {
          "optimizer": {
            "enabled": true,
            "runs": 200
          },
          "viaIR": true,
          "outputSelection": {
            "*": {
              "*": [
                "abi",
                "evm.bytecode",
                "evm.deployedBytecode",
                "evm.methodIdentifiers",
                "metadata",
                "storageLayout"
              ],
              "": [
                "ast"
              ]
            }
          }
        }
      },
      "imports": [],
      "versionPragmas": [
        "^0.8.0"
      ],
      "artifacts": [
        "CountersUpgradeable"
      ]
    },
    "D:\\work\\leo\\bep007-non-fungible-agents-nfa\\node_modules\\@openzeppelin\\contracts-upgradeable\\token\\ERC721\\extensions\\ERC721URIStorageUpgradeable.sol": {
      "lastModificationDate": 1749672584175,
      "contentHash": "647d5735ee93e70b099b114d3cca3986",
      "sourceName": "@openzeppelin/contracts-upgradeable/token/ERC721/extensions/ERC721URIStorageUpgradeable.sol",
      "solcConfig": {
        "version": "0.8.17",
        "settings": {
          "optimizer": {
            "enabled": true,
            "runs": 200
          },
          "viaIR": true,
          "outputSelection": {
            "*": {
              "*": [
                "abi",
                "evm.bytecode",
                "evm.deployedBytecode",
                "evm.methodIdentifiers",
                "metadata",
                "storageLayout"
              ],
              "": [
                "ast"
              ]
            }
          }
        }
      },
      "imports": [
        "../ERC721Upgradeable.sol",
        "../../../interfaces/IERC4906Upgradeable.sol",
        "../../../proxy/utils/Initializable.sol"
      ],
      "versionPragmas": [
        "^0.8.0"
      ],
      "artifacts": [
        "ERC721URIStorageUpgradeable"
      ]
    },
    "D:\\work\\leo\\bep007-non-fungible-agents-nfa\\node_modules\\@openzeppelin\\contracts-upgradeable\\token\\ERC721\\extensions\\ERC721EnumerableUpgradeable.sol": {
      "lastModificationDate": 1749672584150,
      "contentHash": "8a9382efbcdfcf606329d61aaae85396",
      "sourceName": "@openzeppelin/contracts-upgradeable/token/ERC721/extensions/ERC721EnumerableUpgradeable.sol",
      "solcConfig": {
        "version": "0.8.17",
        "settings": {
          "optimizer": {
            "enabled": true,
            "runs": 200
          },
          "viaIR": true,
          "outputSelection": {
            "*": {
              "*": [
                "abi",
                "evm.bytecode",
                "evm.deployedBytecode",
                "evm.methodIdentifiers",
                "metadata",
                "storageLayout"
              ],
              "": [
                "ast"
              ]
            }
          }
        }
      },
      "imports": [
        "../ERC721Upgradeable.sol",
        "./IERC721EnumerableUpgradeable.sol",
        "../../../proxy/utils/Initializable.sol"
      ],
      "versionPragmas": [
        "^0.8.0"
      ],
      "artifacts": [
        "ERC721EnumerableUpgradeable"
      ]
    },
    "D:\\work\\leo\\bep007-non-fungible-agents-nfa\\node_modules\\@openzeppelin\\contracts-upgradeable\\proxy\\utils\\Initializable.sol": {
      "lastModificationDate": 1749672584725,
      "contentHash": "b0970a564d121abf9adfff8d1a01eb16",
      "sourceName": "@openzeppelin/contracts-upgradeable/proxy/utils/Initializable.sol",
      "solcConfig": {
        "version": "0.8.17",
        "settings": {
          "optimizer": {
            "enabled": true,
            "runs": 200
          },
          "viaIR": true,
          "outputSelection": {
            "*": {
              "*": [
                "abi",
                "evm.bytecode",
                "evm.deployedBytecode",
                "evm.methodIdentifiers",
                "metadata",
                "storageLayout"
              ],
              "": [
                "ast"
              ]
            }
          }
        }
      },
      "imports": [
        "../../utils/AddressUpgradeable.sol"
      ],
      "versionPragmas": [
        "^0.8.2"
      ],
      "artifacts": [
        "Initializable"
      ]
    },
    "D:\\work\\leo\\bep007-non-fungible-agents-nfa\\node_modules\\@openzeppelin\\contracts-upgradeable\\utils\\AddressUpgradeable.sol": {
      "lastModificationDate": 1749672583821,
      "contentHash": "c30c805386fda8a42ff515da963d3a95",
      "sourceName": "@openzeppelin/contracts-upgradeable/utils/AddressUpgradeable.sol",
      "solcConfig": {
        "version": "0.8.17",
        "settings": {
          "optimizer": {
            "enabled": true,
            "runs": 200
          },
          "viaIR": true,
          "outputSelection": {
            "*": {
              "*": [
                "abi",
                "evm.bytecode",
                "evm.deployedBytecode",
                "evm.methodIdentifiers",
                "metadata",
                "storageLayout"
              ],
              "": [
                "ast"
              ]
            }
          }
        }
      },
      "imports": [],
      "versionPragmas": [
        "^0.8.1"
      ],
      "artifacts": [
        "AddressUpgradeable"
      ]
    },
    "D:\\work\\leo\\bep007-non-fungible-agents-nfa\\node_modules\\@openzeppelin\\contracts-upgradeable\\utils\\ContextUpgradeable.sol": {
      "lastModificationDate": 1749672583860,
      "contentHash": "b6dfb72ff1fd764f725ec4db364b1b20",
      "sourceName": "@openzeppelin/contracts-upgradeable/utils/ContextUpgradeable.sol",
      "solcConfig": {
        "version": "0.8.17",
        "settings": {
          "optimizer": {
            "enabled": true,
            "runs": 200
          },
          "viaIR": true,
          "outputSelection": {
            "*": {
              "*": [
                "abi",
                "evm.bytecode",
                "evm.deployedBytecode",
                "evm.methodIdentifiers",
                "metadata",
                "storageLayout"
              ],
              "": [
                "ast"
              ]
            }
          }
        }
      },
      "imports": [
        "../proxy/utils/Initializable.sol"
      ],
      "versionPragmas": [
        "^0.8.0"
      ],
      "artifacts": [
        "ContextUpgradeable"
      ]
    },
    "D:\\work\\leo\\bep007-non-fungible-agents-nfa\\node_modules\\@openzeppelin\\contracts-upgradeable\\utils\\StringsUpgradeable.sol": {
      "lastModificationDate": 1749672584956,
      "contentHash": "c221361be1c4953f5b71f47475b90266",
      "sourceName": "@openzeppelin/contracts-upgradeable/utils/StringsUpgradeable.sol",
      "solcConfig": {
        "version": "0.8.17",
        "settings": {
          "optimizer": {
            "enabled": true,
            "runs": 200
          },
          "viaIR": true,
          "outputSelection": {
            "*": {
              "*": [
                "abi",
                "evm.bytecode",
                "evm.deployedBytecode",
                "evm.methodIdentifiers",
                "metadata",
                "storageLayout"
              ],
              "": [
                "ast"
              ]
            }
          }
        }
      },
      "imports": [
        "./math/MathUpgradeable.sol",
        "./math/SignedMathUpgradeable.sol"
      ],
      "versionPragmas": [
        "^0.8.0"
      ],
      "artifacts": [
        "StringsUpgradeable"
      ]
    },
    "D:\\work\\leo\\bep007-non-fungible-agents-nfa\\node_modules\\@openzeppelin\\contracts-upgradeable\\utils\\introspection\\ERC165Upgradeable.sol": {
      "lastModificationDate": 1749672584044,
      "contentHash": "7cd9c9d1dccf4a894c0f6926f5b6ac3d",
      "sourceName": "@openzeppelin/contracts-upgradeable/utils/introspection/ERC165Upgradeable.sol",
      "solcConfig": {
        "version": "0.8.17",
        "settings": {
          "optimizer": {
            "enabled": true,
            "runs": 200
          },
          "viaIR": true,
          "outputSelection": {
            "*": {
              "*": [
                "abi",
                "evm.bytecode",
                "evm.deployedBytecode",
                "evm.methodIdentifiers",
                "metadata",
                "storageLayout"
              ],
              "": [
                "ast"
              ]
            }
          }
        }
      },
      "imports": [
        "./IERC165Upgradeable.sol",
        "../../proxy/utils/Initializable.sol"
      ],
      "versionPragmas": [
        "^0.8.0"
      ],
      "artifacts": [
        "ERC165Upgradeable"
      ]
    },
    "D:\\work\\leo\\bep007-non-fungible-agents-nfa\\node_modules\\@openzeppelin\\contracts-upgradeable\\token\\ERC721\\IERC721Upgradeable.sol": {
      "lastModificationDate": 1749672584639,
      "contentHash": "f6c6e71ba8413a4ba32871610dba0658",
      "sourceName": "@openzeppelin/contracts-upgradeable/token/ERC721/IERC721Upgradeable.sol",
      "solcConfig": {
        "version": "0.8.17",
        "settings": {
          "optimizer": {
            "enabled": true,
            "runs": 200
          },
          "viaIR": true,
          "outputSelection": {
            "*": {
              "*": [
                "abi",
                "evm.bytecode",
                "evm.deployedBytecode",
                "evm.methodIdentifiers",
                "metadata",
                "storageLayout"
              ],
              "": [
                "ast"
              ]
            }
          }
        }
      },
      "imports": [
        "../../utils/introspection/IERC165Upgradeable.sol"
      ],
      "versionPragmas": [
        "^0.8.0"
      ],
      "artifacts": [
        "IERC721Upgradeable"
      ]
    },
    "D:\\work\\leo\\bep007-non-fungible-agents-nfa\\node_modules\\@openzeppelin\\contracts-upgradeable\\token\\ERC721\\IERC721ReceiverUpgradeable.sol": {
      "lastModificationDate": 1749672584633,
      "contentHash": "ba28cf60b52b00d2b3a190bcdf0952bd",
      "sourceName": "@openzeppelin/contracts-upgradeable/token/ERC721/IERC721ReceiverUpgradeable.sol",
      "solcConfig": {
        "version": "0.8.17",
        "settings": {
          "optimizer": {
            "enabled": true,
            "runs": 200
          },
          "viaIR": true,
          "outputSelection": {
            "*": {
              "*": [
                "abi",
                "evm.bytecode",
                "evm.deployedBytecode",
                "evm.methodIdentifiers",
                "metadata",
                "storageLayout"
              ],
              "": [
                "ast"
              ]
            }
          }
        }
      },
      "imports": [],
      "versionPragmas": [
        "^0.8.0"
      ],
      "artifacts": [
        "IERC721ReceiverUpgradeable"
      ]
    },
    "D:\\work\\leo\\bep007-non-fungible-agents-nfa\\node_modules\\@openzeppelin\\contracts-upgradeable\\token\\ERC721\\extensions\\IERC721MetadataUpgradeable.sol": {
      "lastModificationDate": 1749672584623,
      "contentHash": "76212ca0265501d1eb3dd1175e6afca4",
      "sourceName": "@openzeppelin/contracts-upgradeable/token/ERC721/extensions/IERC721MetadataUpgradeable.sol",
      "solcConfig": {
        "version": "0.8.17",
        "settings": {
          "optimizer": {
            "enabled": true,
            "runs": 200
          },
          "viaIR": true,
          "outputSelection": {
            "*": {
              "*": [
                "abi",
                "evm.bytecode",
                "evm.deployedBytecode",
                "evm.methodIdentifiers",
                "metadata",
                "storageLayout"
              ],
              "": [
                "ast"
              ]
            }
          }
        }
      },
      "imports": [
        "../IERC721Upgradeable.sol"
      ],
      "versionPragmas": [
        "^0.8.0"
      ],
      "artifacts": [
        "IERC721MetadataUpgradeable"
      ]
    },
    "D:\\work\\leo\\bep007-non-fungible-agents-nfa\\node_modules\\@openzeppelin\\contracts-upgradeable\\utils\\math\\SignedMathUpgradeable.sol": {
      "lastModificationDate": 1749672584918,
      "contentHash": "2a6b819b2e241091ada6d645df3e3929",
      "sourceName": "@openzeppelin/contracts-upgradeable/utils/math/SignedMathUpgradeable.sol",
      "solcConfig": {
        "version": "0.8.17",
        "settings": {
          "optimizer": {
            "enabled": true,
            "runs": 200
          },
          "viaIR": true,
          "outputSelection": {
            "*": {
              "*": [
                "abi",
                "evm.bytecode",
                "evm.deployedBytecode",
                "evm.methodIdentifiers",
                "metadata",
                "storageLayout"
              ],
              "": [
                "ast"
              ]
            }
          }
        }
      },
      "imports": [],
      "versionPragmas": [
        "^0.8.0"
      ],
      "artifacts": [
        "SignedMathUpgradeable"
      ]
    },
    "D:\\work\\leo\\bep007-non-fungible-agents-nfa\\node_modules\\@openzeppelin\\contracts-upgradeable\\utils\\math\\MathUpgradeable.sol": {
      "lastModificationDate": 1749672584778,
      "contentHash": "5a2a749b45b6a8eb035f4bf75addcb27",
      "sourceName": "@openzeppelin/contracts-upgradeable/utils/math/MathUpgradeable.sol",
      "solcConfig": {
        "version": "0.8.17",
        "settings": {
          "optimizer": {
            "enabled": true,
            "runs": 200
          },
          "viaIR": true,
          "outputSelection": {
            "*": {
              "*": [
                "abi",
                "evm.bytecode",
                "evm.deployedBytecode",
                "evm.methodIdentifiers",
                "metadata",
                "storageLayout"
              ],
              "": [
                "ast"
              ]
            }
          }
        }
      },
      "imports": [],
      "versionPragmas": [
        "^0.8.0"
      ],
      "artifacts": [
        "MathUpgradeable"
      ]
    },
    "D:\\work\\leo\\bep007-non-fungible-agents-nfa\\node_modules\\@openzeppelin\\contracts-upgradeable\\utils\\introspection\\IERC165Upgradeable.sol": {
      "lastModificationDate": 1749672584485,
      "contentHash": "d6ecf203a5e72c845be9bbf2f304a289",
      "sourceName": "@openzeppelin/contracts-upgradeable/utils/introspection/IERC165Upgradeable.sol",
      "solcConfig": {
        "version": "0.8.17",
        "settings": {
          "optimizer": {
            "enabled": true,
            "runs": 200
          },
          "viaIR": true,
          "outputSelection": {
            "*": {
              "*": [
                "abi",
                "evm.bytecode",
                "evm.deployedBytecode",
                "evm.methodIdentifiers",
                "metadata",
                "storageLayout"
              ],
              "": [
                "ast"
              ]
            }
          }
        }
      },
      "imports": [],
      "versionPragmas": [
        "^0.8.0"
      ],
      "artifacts": [
        "IERC165Upgradeable"
      ]
    },
    "D:\\work\\leo\\bep007-non-fungible-agents-nfa\\node_modules\\@openzeppelin\\contracts-upgradeable\\interfaces\\draft-IERC1822Upgradeable.sol": {
      "lastModificationDate": 1749672583923,
      "contentHash": "a6883cfd85607b16c121a02728369eb3",
      "sourceName": "@openzeppelin/contracts-upgradeable/interfaces/draft-IERC1822Upgradeable.sol",
      "solcConfig": {
        "version": "0.8.17",
        "settings": {
          "optimizer": {
            "enabled": true,
            "runs": 200
          },
          "viaIR": true,
          "outputSelection": {
            "*": {
              "*": [
                "abi",
                "evm.bytecode",
                "evm.deployedBytecode",
                "evm.methodIdentifiers",
                "metadata",
                "storageLayout"
              ],
              "": [
                "ast"
              ]
            }
          }
        }
      },
      "imports": [],
      "versionPragmas": [
        "^0.8.0"
      ],
      "artifacts": [
        "IERC1822ProxiableUpgradeable"
      ]
    },
    "D:\\work\\leo\\bep007-non-fungible-agents-nfa\\node_modules\\@openzeppelin\\contracts-upgradeable\\proxy\\ERC1967\\ERC1967UpgradeUpgradeable.sol": {
      "lastModificationDate": 1749672584064,
      "contentHash": "e186f91201ca317278fffbf1ea60cea0",
      "sourceName": "@openzeppelin/contracts-upgradeable/proxy/ERC1967/ERC1967UpgradeUpgradeable.sol",
      "solcConfig": {
        "version": "0.8.17",
        "settings": {
          "optimizer": {
            "enabled": true,
            "runs": 200
          },
          "viaIR": true,
          "outputSelection": {
            "*": {
              "*": [
                "abi",
                "evm.bytecode",
                "evm.deployedBytecode",
                "evm.methodIdentifiers",
                "metadata",
                "storageLayout"
              ],
              "": [
                "ast"
              ]
            }
          }
        }
      },
      "imports": [
        "../beacon/IBeaconUpgradeable.sol",
        "../../interfaces/IERC1967Upgradeable.sol",
        "../../interfaces/draft-IERC1822Upgradeable.sol",
        "../../utils/AddressUpgradeable.sol",
        "../../utils/StorageSlotUpgradeable.sol",
        "../utils/Initializable.sol"
      ],
      "versionPragmas": [
        "^0.8.2"
      ],
      "artifacts": [
        "ERC1967UpgradeUpgradeable"
      ]
    },
    "D:\\work\\leo\\bep007-non-fungible-agents-nfa\\node_modules\\@openzeppelin\\contracts-upgradeable\\interfaces\\IERC1967Upgradeable.sol": {
      "lastModificationDate": 1749672584523,
      "contentHash": "a5421a5e611067b9202e83329fbf6fc7",
      "sourceName": "@openzeppelin/contracts-upgradeable/interfaces/IERC1967Upgradeable.sol",
      "solcConfig": {
        "version": "0.8.17",
        "settings": {
          "optimizer": {
            "enabled": true,
            "runs": 200
          },
          "viaIR": true,
          "outputSelection": {
            "*": {
              "*": [
                "abi",
                "evm.bytecode",
                "evm.deployedBytecode",
                "evm.methodIdentifiers",
                "metadata",
                "storageLayout"
              ],
              "": [
                "ast"
              ]
            }
          }
        }
      },
      "imports": [],
      "versionPragmas": [
        "^0.8.0"
      ],
      "artifacts": [
        "IERC1967Upgradeable"
      ]
    },
    "D:\\work\\leo\\bep007-non-fungible-agents-nfa\\node_modules\\@openzeppelin\\contracts-upgradeable\\utils\\StorageSlotUpgradeable.sol": {
      "lastModificationDate": 1749672584942,
      "contentHash": "02cf959b00ba5c650708472f195f8b29",
      "sourceName": "@openzeppelin/contracts-upgradeable/utils/StorageSlotUpgradeable.sol",
      "solcConfig": {
        "version": "0.8.17",
        "settings": {
          "optimizer": {
            "enabled": true,
            "runs": 200
          },
          "viaIR": true,
          "outputSelection": {
            "*": {
              "*": [
                "abi",
                "evm.bytecode",
                "evm.deployedBytecode",
                "evm.methodIdentifiers",
                "metadata",
                "storageLayout"
              ],
              "": [
                "ast"
              ]
            }
          }
        }
      },
      "imports": [],
      "versionPragmas": [
        "^0.8.0"
      ],
      "artifacts": [
        "StorageSlotUpgradeable"
      ]
    },
    "D:\\work\\leo\\bep007-non-fungible-agents-nfa\\node_modules\\@openzeppelin\\contracts-upgradeable\\proxy\\beacon\\IBeaconUpgradeable.sol": {
      "lastModificationDate": 1749672584375,
      "contentHash": "21bffd733b4ca013e125a0ffe2e52254",
      "sourceName": "@openzeppelin/contracts-upgradeable/proxy/beacon/IBeaconUpgradeable.sol",
      "solcConfig": {
        "version": "0.8.17",
        "settings": {
          "optimizer": {
            "enabled": true,
            "runs": 200
          },
          "viaIR": true,
          "outputSelection": {
            "*": {
              "*": [
                "abi",
                "evm.bytecode",
                "evm.deployedBytecode",
                "evm.methodIdentifiers",
                "metadata",
                "storageLayout"
              ],
              "": [
                "ast"
              ]
            }
          }
        }
      },
      "imports": [],
      "versionPragmas": [
        "^0.8.0"
      ],
      "artifacts": [
        "IBeaconUpgradeable"
      ]
    },
    "D:\\work\\leo\\bep007-non-fungible-agents-nfa\\node_modules\\@openzeppelin\\contracts-upgradeable\\interfaces\\IERC4906Upgradeable.sol": {
      "lastModificationDate": 1749672584572,
      "contentHash": "fe5233feb20121d3fcadf24db464f5f8",
      "sourceName": "@openzeppelin/contracts-upgradeable/interfaces/IERC4906Upgradeable.sol",
      "solcConfig": {
        "version": "0.8.17",
        "settings": {
          "optimizer": {
            "enabled": true,
            "runs": 200
          },
          "viaIR": true,
          "outputSelection": {
            "*": {
              "*": [
                "abi",
                "evm.bytecode",
                "evm.deployedBytecode",
                "evm.methodIdentifiers",
                "metadata",
                "storageLayout"
              ],
              "": [
                "ast"
              ]
            }
          }
        }
      },
      "imports": [
        "./IERC165Upgradeable.sol",
        "./IERC721Upgradeable.sol"
      ],
      "versionPragmas": [
        "^0.8.0"
      ],
      "artifacts": [
        "IERC4906Upgradeable"
      ]
    },
    "D:\\work\\leo\\bep007-non-fungible-agents-nfa\\node_modules\\@openzeppelin\\contracts-upgradeable\\interfaces\\IERC165Upgradeable.sol": {
      "lastModificationDate": 1749672584480,
      "contentHash": "0ce0dc23b57eb688403ad5169cc18a7d",
      "sourceName": "@openzeppelin/contracts-upgradeable/interfaces/IERC165Upgradeable.sol",
      "solcConfig": {
        "version": "0.8.17",
        "settings": {
          "optimizer": {
            "enabled": true,
            "runs": 200
          },
          "viaIR": true,
          "outputSelection": {
            "*": {
              "*": [
                "abi",
                "evm.bytecode",
                "evm.deployedBytecode",
                "evm.methodIdentifiers",
                "metadata",
                "storageLayout"
              ],
              "": [
                "ast"
              ]
            }
          }
        }
      },
      "imports": [
        "../utils/introspection/IERC165Upgradeable.sol"
      ],
      "versionPragmas": [
        "^0.8.0"
      ],
      "artifacts": []
    },
    "D:\\work\\leo\\bep007-non-fungible-agents-nfa\\node_modules\\@openzeppelin\\contracts-upgradeable\\interfaces\\IERC721Upgradeable.sol": {
      "lastModificationDate": 1749672584637,
      "contentHash": "b6d2f759a0c41967c68a26c21d5ecbe4",
      "sourceName": "@openzeppelin/contracts-upgradeable/interfaces/IERC721Upgradeable.sol",
      "solcConfig": {
        "version": "0.8.17",
        "settings": {
          "optimizer": {
            "enabled": true,
            "runs": 200
          },
          "viaIR": true,
          "outputSelection": {
            "*": {
              "*": [
                "abi",
                "evm.bytecode",
                "evm.deployedBytecode",
                "evm.methodIdentifiers",
                "metadata",
                "storageLayout"
              ],
              "": [
                "ast"
              ]
            }
          }
        }
      },
      "imports": [
        "../token/ERC721/IERC721Upgradeable.sol"
      ],
      "versionPragmas": [
        "^0.8.0"
      ],
      "artifacts": []
    },
    "D:\\work\\leo\\bep007-non-fungible-agents-nfa\\node_modules\\@openzeppelin\\contracts-upgradeable\\token\\ERC721\\extensions\\IERC721EnumerableUpgradeable.sol": {
      "lastModificationDate": 1749672584597,
      "contentHash": "bed9876900f8c465d42317f566c03828",
      "sourceName": "@openzeppelin/contracts-upgradeable/token/ERC721/extensions/IERC721EnumerableUpgradeable.sol",
      "solcConfig": {
        "version": "0.8.17",
        "settings": {
          "optimizer": {
            "enabled": true,
            "runs": 200
          },
          "viaIR": true,
          "outputSelection": {
            "*": {
              "*": [
                "abi",
                "evm.bytecode",
                "evm.deployedBytecode",
                "evm.methodIdentifiers",
                "metadata",
                "storageLayout"
              ],
              "": [
                "ast"
              ]
            }
          }
        }
      },
      "imports": [
        "../IERC721Upgradeable.sol"
      ],
      "versionPragmas": [
        "^0.8.0"
      ],
      "artifacts": [
        "IERC721EnumerableUpgradeable"
      ]
    },
    "D:\\work\\leo\\bep007-non-fungible-agents-nfa\\contracts\\AgentFactory.sol": {
      "lastModificationDate": 1749679023885,
      "contentHash": "2ee86e0e6e436d8ced43ddda36d892ec",
      "sourceName": "contracts/AgentFactory.sol",
      "solcConfig": {
        "version": "0.8.17",
        "settings": {
          "optimizer": {
            "enabled": true,
            "runs": 200
          },
          "viaIR": true,
          "outputSelection": {
            "*": {
              "*": [
                "abi",
                "evm.bytecode",
                "evm.deployedBytecode",
                "evm.methodIdentifiers",
                "metadata",
                "storageLayout"
              ],
              "": [
                "ast"
              ]
            }
          }
        }
      },
      "imports": [
        "@openzeppelin/contracts-upgradeable/proxy/utils/Initializable.sol",
        "@openzeppelin/contracts-upgradeable/access/OwnableUpgradeable.sol",
        "@openzeppelin/contracts-upgradeable/proxy/ClonesUpgradeable.sol",
        "@openzeppelin/contracts-upgradeable/security/ReentrancyGuardUpgradeable.sol",
        "@openzeppelin/contracts-upgradeable/utils/cryptography/ECDSAUpgradeable.sol",
        "./BEP007Enhanced.sol",
        "./interfaces/IBEP007.sol",
        "./interfaces/ILearningModule.sol"
      ],
      "versionPragmas": [
        "^0.8.0"
      ],
      "artifacts": [
        "AgentFactory"
      ]
    },
    "D:\\work\\leo\\bep007-non-fungible-agents-nfa\\contracts\\BEP007Enhanced.sol": {
      "lastModificationDate": 1749679026594,
      "contentHash": "58653ac00911f0f7b7a57ed55167c8f9",
      "sourceName": "contracts/BEP007Enhanced.sol",
      "solcConfig": {
        "version": "0.8.17",
        "settings": {
          "optimizer": {
            "enabled": true,
            "runs": 200
          },
          "viaIR": true,
          "outputSelection": {
            "*": {
              "*": [
                "abi",
                "evm.bytecode",
                "evm.deployedBytecode",
                "evm.methodIdentifiers",
                "metadata",
                "storageLayout"
              ],
              "": [
                "ast"
              ]
            }
          }
        }
      },
      "imports": [
        "@openzeppelin/contracts-upgradeable/token/ERC721/ERC721Upgradeable.sol",
        "@openzeppelin/contracts-upgradeable/token/ERC721/extensions/ERC721EnumerableUpgradeable.sol",
        "@openzeppelin/contracts-upgradeable/token/ERC721/extensions/ERC721URIStorageUpgradeable.sol",
        "@openzeppelin/contracts-upgradeable/security/ReentrancyGuardUpgradeable.sol",
        "@openzeppelin/contracts-upgradeable/access/OwnableUpgradeable.sol",
        "@openzeppelin/contracts-upgradeable/proxy/utils/UUPSUpgradeable.sol",
        "@openzeppelin/contracts-upgradeable/utils/CountersUpgradeable.sol",
        "./interfaces/IBEP007.sol",
        "./interfaces/ILearningModule.sol"
      ],
      "versionPragmas": [
        "^0.8.0"
      ],
      "artifacts": [
        "BEP007Enhanced"
      ]
    },
    "D:\\work\\leo\\bep007-non-fungible-agents-nfa\\contracts\\interfaces\\ILearningModule.sol": {
      "lastModificationDate": 1749679046631,
      "contentHash": "1671f4677ca0b8744c35aa2cd8bff96a",
      "sourceName": "contracts/interfaces/ILearningModule.sol",
      "solcConfig": {
        "version": "0.8.17",
        "settings": {
          "optimizer": {
            "enabled": true,
            "runs": 200
          },
          "viaIR": true,
          "outputSelection": {
            "*": {
              "*": [
                "abi",
                "evm.bytecode",
                "evm.deployedBytecode",
                "evm.methodIdentifiers",
                "metadata",
                "storageLayout"
              ],
              "": [
                "ast"
              ]
            }
          }
        }
      },
      "imports": [],
      "versionPragmas": [
        "^0.8.0"
      ],
      "artifacts": [
        "ILearningModule"
      ]
    },
    "D:\\work\\leo\\bep007-non-fungible-agents-nfa\\node_modules\\@openzeppelin\\contracts-upgradeable\\proxy\\ClonesUpgradeable.sol": {
      "lastModificationDate": 1749672583839,
      "contentHash": "8719111692ab7741b980a762b23d0151",
      "sourceName": "@openzeppelin/contracts-upgradeable/proxy/ClonesUpgradeable.sol",
      "solcConfig": {
        "version": "0.8.17",
        "settings": {
          "optimizer": {
            "enabled": true,
            "runs": 200
          },
          "viaIR": true,
          "outputSelection": {
            "*": {
              "*": [
                "abi",
                "evm.bytecode",
                "evm.deployedBytecode",
                "evm.methodIdentifiers",
                "metadata",
                "storageLayout"
              ],
              "": [
                "ast"
              ]
            }
          }
        }
      },
      "imports": [],
      "versionPragmas": [
        "^0.8.0"
      ],
      "artifacts": [
        "ClonesUpgradeable"
      ]
    },
    "D:\\work\\leo\\bep007-non-fungible-agents-nfa\\node_modules\\@openzeppelin\\contracts-upgradeable\\utils\\cryptography\\ECDSAUpgradeable.sol": {
      "lastModificationDate": 1749672583942,
      "contentHash": "e6a08d062a6f4f6b05822a0fa19a1606",
      "sourceName": "@openzeppelin/contracts-upgradeable/utils/cryptography/ECDSAUpgradeable.sol",
      "solcConfig": {
        "version": "0.8.17",
        "settings": {
          "optimizer": {
            "enabled": true,
            "runs": 200
          },
          "viaIR": true,
          "outputSelection": {
            "*": {
              "*": [
                "abi",
                "evm.bytecode",
                "evm.deployedBytecode",
                "evm.methodIdentifiers",
                "metadata",
                "storageLayout"
              ],
              "": [
                "ast"
              ]
            }
          }
        }
      },
      "imports": [
        "../StringsUpgradeable.sol"
      ],
      "versionPragmas": [
        "^0.8.0"
      ],
      "artifacts": [
        "ECDSAUpgradeable"
      ]
    },
    "D:\\work\\leo\\bep007-non-fungible-agents-nfa\\contracts\\BEP007GovernanceEnhanced.sol": {
      "lastModificationDate": 1749679031614,
      "contentHash": "6677a27d4fab6ea9c1819970f1ce18c8",
      "sourceName": "contracts/BEP007GovernanceEnhanced.sol",
      "solcConfig": {
        "version": "0.8.17",
        "settings": {
          "optimizer": {
            "enabled": true,
            "runs": 200
          },
          "viaIR": true,
          "outputSelection": {
            "*": {
              "*": [
                "abi",
                "evm.bytecode",
                "evm.deployedBytecode",
                "evm.methodIdentifiers",
                "metadata",
                "storageLayout"
              ],
              "": [
                "ast"
              ]
            }
          }
        }
      },
      "imports": [
        "@openzeppelin/contracts-upgradeable/proxy/utils/Initializable.sol",
        "@openzeppelin/contracts-upgradeable/access/OwnableUpgradeable.sol",
        "@openzeppelin/contracts-upgradeable/proxy/utils/UUPSUpgradeable.sol",
        "@openzeppelin/contracts-upgradeable/utils/CountersUpgradeable.sol",
        "@openzeppelin/contracts-upgradeable/security/ReentrancyGuardUpgradeable.sol",
        "./BEP007.sol",
        "./interfaces/ILearningModule.sol"
      ],
      "versionPragmas": [
        "^0.8.0"
      ],
      "artifacts": [
        "BEP007GovernanceEnhanced"
      ]
    },
    "D:\\work\\leo\\bep007-non-fungible-agents-nfa\\contracts\\BEP007Governance.sol": {
      "lastModificationDate": 1749679029152,
      "contentHash": "033e62cb536addd939cb6003dc5cf911",
      "sourceName": "contracts/BEP007Governance.sol",
      "solcConfig": {
        "version": "0.8.17",
        "settings": {
          "optimizer": {
            "enabled": true,
            "runs": 200
          },
          "viaIR": true,
          "outputSelection": {
            "*": {
              "*": [
                "abi",
                "evm.bytecode",
                "evm.deployedBytecode",
                "evm.methodIdentifiers",
                "metadata",
                "storageLayout"
              ],
              "": [
                "ast"
              ]
            }
          }
        }
      },
      "imports": [
        "@openzeppelin/contracts-upgradeable/proxy/utils/Initializable.sol",
        "@openzeppelin/contracts-upgradeable/access/OwnableUpgradeable.sol",
        "@openzeppelin/contracts-upgradeable/proxy/utils/UUPSUpgradeable.sol",
        "@openzeppelin/contracts-upgradeable/utils/CountersUpgradeable.sol",
        "./BEP007.sol"
      ],
      "versionPragmas": [
        "^0.8.0"
      ],
      "artifacts": [
        "BEP007Governance"
      ]
    },
    "D:\\work\\leo\\bep007-non-fungible-agents-nfa\\contracts\\VaultPermissionManager.sol": {
      "lastModificationDate": 1749679041508,
      "contentHash": "9fa775900d800ce646060ef023bcf111",
      "sourceName": "contracts/VaultPermissionManager.sol",
      "solcConfig": {
        "version": "0.8.17",
        "settings": {
          "optimizer": {
            "enabled": true,
            "runs": 200
          },
          "viaIR": true,
          "outputSelection": {
            "*": {
              "*": [
                "abi",
                "evm.bytecode",
                "evm.deployedBytecode",
                "evm.methodIdentifiers",
                "metadata",
                "storageLayout"
              ],
              "": [
                "ast"
              ]
            }
          }
        }
      },
      "imports": [
        "@openzeppelin/contracts-upgradeable/proxy/utils/Initializable.sol",
        "@openzeppelin/contracts-upgradeable/access/OwnableUpgradeable.sol",
        "@openzeppelin/contracts-upgradeable/security/ReentrancyGuardUpgradeable.sol",
        "@openzeppelin/contracts-upgradeable/utils/cryptography/ECDSAUpgradeable.sol",
        "./BEP007.sol"
      ],
      "versionPragmas": [
        "^0.8.0"
      ],
      "artifacts": [
        "VaultPermissionManager"
      ]
    },
    "D:\\work\\leo\\bep007-non-fungible-agents-nfa\\contracts\\learning\\MerkleTreeLearning.sol": {
      "lastModificationDate": 1749679049006,
      "contentHash": "44d51cba9360611fcb28527ba3405ec3",
      "sourceName": "contracts/learning/MerkleTreeLearning.sol",
      "solcConfig": {
        "version": "0.8.17",
        "settings": {
          "optimizer": {
            "enabled": true,
            "runs": 200
          },
          "viaIR": true,
          "outputSelection": {
            "*": {
              "*": [
                "abi",
                "evm.bytecode",
                "evm.deployedBytecode",
                "evm.methodIdentifiers",
                "metadata",
                "storageLayout"
              ],
              "": [
                "ast"
              ]
            }
          }
        }
      },
      "imports": [
        "@openzeppelin/contracts-upgradeable/proxy/utils/Initializable.sol",
        "@openzeppelin/contracts-upgradeable/access/OwnableUpgradeable.sol",
        "@openzeppelin/contracts-upgradeable/security/ReentrancyGuardUpgradeable.sol",
        "@openzeppelin/contracts-upgradeable/utils/cryptography/MerkleProofUpgradeable.sol",
        "../interfaces/ILearningModule.sol",
        "../BEP007.sol"
      ],
      "versionPragmas": [
        "^0.8.0"
      ],
      "artifacts": [
        "MerkleTreeLearning"
      ]
    },
    "D:\\work\\leo\\bep007-non-fungible-agents-nfa\\node_modules\\@openzeppelin\\contracts-upgradeable\\utils\\cryptography\\MerkleProofUpgradeable.sol": {
      "lastModificationDate": 1749672584790,
      "contentHash": "11eb78461a0bd3c6f2dc4d5c1f7aaf3b",
      "sourceName": "@openzeppelin/contracts-upgradeable/utils/cryptography/MerkleProofUpgradeable.sol",
      "solcConfig": {
        "version": "0.8.17",
        "settings": {
          "optimizer": {
            "enabled": true,
            "runs": 200
          },
          "viaIR": true,
          "outputSelection": {
            "*": {
              "*": [
                "abi",
                "evm.bytecode",
                "evm.deployedBytecode",
                "evm.methodIdentifiers",
                "metadata",
                "storageLayout"
              ],
              "": [
                "ast"
              ]
            }
          }
        }
      },
      "imports": [],
      "versionPragmas": [
        "^0.8.0"
      ],
      "artifacts": [
        "MerkleProofUpgradeable"
      ]
    },
    "D:\\work\\leo\\bep007-non-fungible-agents-nfa\\contracts\\ImprintModuleRegistry.sol": {
      "lastModificationDate": 1749679038963,
      "contentHash": "64fa5cfef90b97677c398d67619ef575",
      "sourceName": "contracts/ImprintModuleRegistry.sol",
      "solcConfig": {
        "version": "0.8.17",
        "settings": {
          "optimizer": {
            "enabled": true,
            "runs": 200
          },
          "viaIR": true,
          "outputSelection": {
            "*": {
              "*": [
                "abi",
                "evm.bytecode",
                "evm.deployedBytecode",
                "evm.methodIdentifiers",
                "metadata",
                "storageLayout"
              ],
              "": [
                "ast"
              ]
            }
          }
        }
      },
      "imports": [
        "@openzeppelin/contracts-upgradeable/proxy/utils/Initializable.sol",
        "@openzeppelin/contracts-upgradeable/access/OwnableUpgradeable.sol",
        "@openzeppelin/contracts-upgradeable/security/ReentrancyGuardUpgradeable.sol",
        "@openzeppelin/contracts-upgradeable/utils/cryptography/ECDSAUpgradeable.sol",
        "./BEP007.sol"
      ],
      "versionPragmas": [
        "^0.8.0"
      ],
      "artifacts": [
        "ExperienceModuleRegistry"
      ]
    },
    "D:\\work\\leo\\bep007-non-fungible-agents-nfa\\contracts\\templates\\StrategicAgent.sol": {
      "lastModificationDate": 1749679069390,
      "contentHash": "bda41c8496721355b31ea65f92294694",
      "sourceName": "contracts/templates/StrategicAgent.sol",
      "solcConfig": {
        "version": "0.8.17",
        "settings": {
          "optimizer": {
            "enabled": true,
            "runs": 200
          },
          "viaIR": true,
          "outputSelection": {
            "*": {
              "*": [
                "abi",
                "evm.bytecode",
                "evm.deployedBytecode",
                "evm.methodIdentifiers",
                "metadata",
                "storageLayout"
              ],
              "": [
                "ast"
              ]
            }
          }
        }
      },
      "imports": [
        "@openzeppelin/contracts/access/Ownable.sol",
        "@openzeppelin/contracts/token/ERC20/IERC20.sol",
        "@chainlink/contracts/src/v0.8/shared/interfaces/AggregatorV3Interface.sol",
        "../interfaces/ILearningModule.sol"
      ],
      "versionPragmas": [
        "^0.8.0"
      ],
      "artifacts": [
        "StrategicAgent"
      ]
    },
    "D:\\work\\leo\\bep007-non-fungible-agents-nfa\\node_modules\\@openzeppelin\\contracts\\access\\Ownable.sol": {
      "lastModificationDate": 1749672584568,
      "contentHash": "5a20b2cad87ddb61c7a3a6af21289e28",
      "sourceName": "@openzeppelin/contracts/access/Ownable.sol",
      "solcConfig": {
        "version": "0.8.17",
        "settings": {
          "optimizer": {
            "enabled": true,
            "runs": 200
          },
          "viaIR": true,
          "outputSelection": {
            "*": {
              "*": [
                "abi",
                "evm.bytecode",
                "evm.deployedBytecode",
                "evm.methodIdentifiers",
                "metadata",
                "storageLayout"
              ],
              "": [
                "ast"
              ]
            }
          }
        }
      },
      "imports": [
        "../utils/Context.sol"
      ],
      "versionPragmas": [
        "^0.8.0"
      ],
      "artifacts": [
        "Ownable"
      ]
    },
    "D:\\work\\leo\\bep007-non-fungible-agents-nfa\\node_modules\\@openzeppelin\\contracts\\token\\ERC20\\IERC20.sol": {
      "lastModificationDate": 1749672584294,
      "contentHash": "df36f7051335cd1e748b1b6463b7fdd3",
      "sourceName": "@openzeppelin/contracts/token/ERC20/IERC20.sol",
      "solcConfig": {
        "version": "0.8.17",
        "settings": {
          "optimizer": {
            "enabled": true,
            "runs": 200
          },
          "viaIR": true,
          "outputSelection": {
            "*": {
              "*": [
                "abi",
                "evm.bytecode",
                "evm.deployedBytecode",
                "evm.methodIdentifiers",
                "metadata",
                "storageLayout"
              ],
              "": [
                "ast"
              ]
            }
          }
        }
      },
      "imports": [],
      "versionPragmas": [
        "^0.8.0"
      ],
      "artifacts": [
        "IERC20"
      ]
    },
    "D:\\work\\leo\\bep007-non-fungible-agents-nfa\\node_modules\\@chainlink\\contracts\\src\\v0.8\\shared\\interfaces\\AggregatorV3Interface.sol": {
      "lastModificationDate": 1749672591295,
      "contentHash": "64a3f906dc7696aa3c9fa8454b673be7",
      "sourceName": "@chainlink/contracts/src/v0.8/shared/interfaces/AggregatorV3Interface.sol",
      "solcConfig": {
        "version": "0.8.17",
        "settings": {
          "optimizer": {
            "enabled": true,
            "runs": 200
          },
          "viaIR": true,
          "outputSelection": {
            "*": {
              "*": [
                "abi",
                "evm.bytecode",
                "evm.deployedBytecode",
                "evm.methodIdentifiers",
                "metadata",
                "storageLayout"
              ],
              "": [
                "ast"
              ]
            }
          }
        }
      },
      "imports": [],
      "versionPragmas": [
        "^0.8.0"
      ],
      "artifacts": [
        "AggregatorV3Interface"
      ]
    },
    "D:\\work\\leo\\bep007-non-fungible-agents-nfa\\node_modules\\@openzeppelin\\contracts\\utils\\Context.sol": {
      "lastModificationDate": 1749672583679,
      "contentHash": "f07feb4a44b1a4872370da5aa70e8e46",
      "sourceName": "@openzeppelin/contracts/utils/Context.sol",
      "solcConfig": {
        "version": "0.8.17",
        "settings": {
          "optimizer": {
            "enabled": true,
            "runs": 200
          },
          "viaIR": true,
          "outputSelection": {
            "*": {
              "*": [
                "abi",
                "evm.bytecode",
                "evm.deployedBytecode",
                "evm.methodIdentifiers",
                "metadata",
                "storageLayout"
              ],
              "": [
                "ast"
              ]
            }
          }
        }
      },
      "imports": [],
      "versionPragmas": [
        "^0.8.0"
      ],
      "artifacts": [
        "Context"
      ]
    },
    "D:\\work\\leo\\bep007-non-fungible-agents-nfa\\contracts\\templates\\DeFiAgent.sol": {
      "lastModificationDate": 1749679057833,
      "contentHash": "e9586f1f93375f3a963058d755e8acfc",
      "sourceName": "contracts/templates/DeFiAgent.sol",
      "solcConfig": {
        "version": "0.8.17",
        "settings": {
          "optimizer": {
            "enabled": true,
            "runs": 200
          },
          "viaIR": true,
          "outputSelection": {
            "*": {
              "*": [
                "abi",
                "evm.bytecode",
                "evm.deployedBytecode",
                "evm.methodIdentifiers",
                "metadata",
                "storageLayout"
              ],
              "": [
                "ast"
              ]
            }
          }
        }
      },
      "imports": [
        "@openzeppelin/contracts/access/Ownable.sol",
        "@openzeppelin/contracts/token/ERC20/IERC20.sol",
        "@chainlink/contracts/src/v0.8/shared/interfaces/AggregatorV3Interface.sol",
        "../interfaces/ILearningModule.sol"
      ],
      "versionPragmas": [
        "^0.8.0"
      ],
      "artifacts": [
        "DeFiAgent"
      ]
    },
    "D:\\work\\leo\\bep007-non-fungible-agents-nfa\\contracts\\templates\\DAOAmbassadorAgent.sol": {
      "lastModificationDate": 1749679055490,
      "contentHash": "3d5d56f741882361951710c7f783568f",
      "sourceName": "contracts/templates/DAOAmbassadorAgent.sol",
      "solcConfig": {
        "version": "0.8.17",
        "settings": {
          "optimizer": {
            "enabled": true,
            "runs": 200
          },
          "viaIR": true,
          "outputSelection": {
            "*": {
              "*": [
                "abi",
                "evm.bytecode",
                "evm.deployedBytecode",
                "evm.methodIdentifiers",
                "metadata",
                "storageLayout"
              ],
              "": [
                "ast"
              ]
            }
          }
        }
      },
      "imports": [
        "@openzeppelin/contracts/access/Ownable.sol",
        "@openzeppelin/contracts/token/ERC20/IERC20.sol",
        "@openzeppelin/contracts/security/ReentrancyGuard.sol",
        "../interfaces/ILearningModule.sol"
      ],
      "versionPragmas": [
        "^0.8.0"
      ],
      "artifacts": [
        "DAOAmbassadorAgent"
      ]
    },
    "D:\\work\\leo\\bep007-non-fungible-agents-nfa\\node_modules\\@openzeppelin\\contracts\\security\\ReentrancyGuard.sol": {
      "lastModificationDate": 1749672584598,
      "contentHash": "1535f8c0c68463f8c1b5239f7584e71f",
      "sourceName": "@openzeppelin/contracts/security/ReentrancyGuard.sol",
      "solcConfig": {
        "version": "0.8.17",
        "settings": {
          "optimizer": {
            "enabled": true,
            "runs": 200
          },
          "viaIR": true,
          "outputSelection": {
            "*": {
              "*": [
                "abi",
                "evm.bytecode",
                "evm.deployedBytecode",
                "evm.methodIdentifiers",
                "metadata",
                "storageLayout"
              ],
              "": [
                "ast"
              ]
            }
          }
        }
      },
      "imports": [],
      "versionPragmas": [
        "^0.8.0"
      ],
      "artifacts": [
        "ReentrancyGuard"
      ]
    },
    "D:\\work\\leo\\bep007-non-fungible-agents-nfa\\contracts\\templates\\LifestyleAgent.sol": {
      "lastModificationDate": 1749679064726,
      "contentHash": "4f670e3fb2212075b9c392911ac2dce3",
      "sourceName": "contracts/templates/LifestyleAgent.sol",
      "solcConfig": {
        "version": "0.8.17",
        "settings": {
          "optimizer": {
            "enabled": true,
            "runs": 200
          },
          "viaIR": true,
          "outputSelection": {
            "*": {
              "*": [
                "abi",
                "evm.bytecode",
                "evm.deployedBytecode",
                "evm.methodIdentifiers",
                "metadata",
                "storageLayout"
              ],
              "": [
                "ast"
              ]
            }
          }
        }
      },
      "imports": [
        "@openzeppelin/contracts/access/Ownable.sol",
        "@openzeppelin/contracts/utils/Strings.sol",
        "@openzeppelin/contracts/security/ReentrancyGuard.sol",
        "../interfaces/ILearningModule.sol"
      ],
      "versionPragmas": [
        "^0.8.0"
      ],
      "artifacts": [
        "LifestyleAgent"
      ]
    },
    "D:\\work\\leo\\bep007-non-fungible-agents-nfa\\node_modules\\@openzeppelin\\contracts\\utils\\Strings.sol": {
      "lastModificationDate": 1749672584651,
      "contentHash": "48686fc32a22a3754b8e63321857dd2a",
      "sourceName": "@openzeppelin/contracts/utils/Strings.sol",
      "solcConfig": {
        "version": "0.8.17",
        "settings": {
          "optimizer": {
            "enabled": true,
            "runs": 200
          },
          "viaIR": true,
          "outputSelection": {
            "*": {
              "*": [
                "abi",
                "evm.bytecode",
                "evm.deployedBytecode",
                "evm.methodIdentifiers",
                "metadata",
                "storageLayout"
              ],
              "": [
                "ast"
              ]
            }
          }
        }
      },
      "imports": [
        "./math/Math.sol",
        "./math/SignedMath.sol"
      ],
      "versionPragmas": [
        "^0.8.0"
      ],
      "artifacts": [
        "Strings"
      ]
    },
    "D:\\work\\leo\\bep007-non-fungible-agents-nfa\\node_modules\\@openzeppelin\\contracts\\utils\\math\\Math.sol": {
      "lastModificationDate": 1749672584558,
      "contentHash": "fe63409d8a06818b926cf89e0ea88b1b",
      "sourceName": "@openzeppelin/contracts/utils/math/Math.sol",
      "solcConfig": {
        "version": "0.8.17",
        "settings": {
          "optimizer": {
            "enabled": true,
            "runs": 200
          },
          "viaIR": true,
          "outputSelection": {
            "*": {
              "*": [
                "abi",
                "evm.bytecode",
                "evm.deployedBytecode",
                "evm.methodIdentifiers",
                "metadata",
                "storageLayout"
              ],
              "": [
                "ast"
              ]
            }
          }
        }
      },
      "imports": [],
      "versionPragmas": [
        "^0.8.0"
      ],
      "artifacts": [
        "Math"
      ]
    },
    "D:\\work\\leo\\bep007-non-fungible-agents-nfa\\node_modules\\@openzeppelin\\contracts\\utils\\math\\SignedMath.sol": {
      "lastModificationDate": 1749672584645,
      "contentHash": "9488ebd4daacfee8ad04811600d7d061",
      "sourceName": "@openzeppelin/contracts/utils/math/SignedMath.sol",
      "solcConfig": {
        "version": "0.8.17",
        "settings": {
          "optimizer": {
            "enabled": true,
            "runs": 200
          },
          "viaIR": true,
          "outputSelection": {
            "*": {
              "*": [
                "abi",
                "evm.bytecode",
                "evm.deployedBytecode",
                "evm.methodIdentifiers",
                "metadata",
                "storageLayout"
              ],
              "": [
                "ast"
              ]
            }
          }
        }
      },
      "imports": [],
      "versionPragmas": [
        "^0.8.0"
      ],
      "artifacts": [
        "SignedMath"
      ]
    },
    "D:\\work\\leo\\bep007-non-fungible-agents-nfa\\contracts\\templates\\MockAgentLogic.sol": {
      "lastModificationDate": 1749679067079,
      "contentHash": "f58f86127d74b41e5279123801035485",
      "sourceName": "contracts/templates/MockAgentLogic.sol",
      "solcConfig": {
        "version": "0.8.17",
        "settings": {
          "optimizer": {
            "enabled": true,
            "runs": 200
          },
          "viaIR": true,
          "outputSelection": {
            "*": {
              "*": [
                "abi",
                "evm.bytecode",
                "evm.deployedBytecode",
                "evm.methodIdentifiers",
                "metadata",
                "storageLayout"
              ],
              "": [
                "ast"
              ]
            }
          }
        }
      },
      "imports": [
        "@openzeppelin/contracts/access/Ownable.sol",
        "@openzeppelin/contracts/utils/Strings.sol"
      ],
      "versionPragmas": [
        "^0.8.0"
      ],
      "artifacts": [
        "MockAgentLogic"
      ]
    },
    "D:\\work\\leo\\bep007-non-fungible-agents-nfa\\contracts\\templates\\GameAgent.sol": {
      "lastModificationDate": 1749679062251,
      "contentHash": "8b40ae4bbfb5e93be9883aead9b52969",
      "sourceName": "contracts/templates/GameAgent.sol",
      "solcConfig": {
        "version": "0.8.17",
        "settings": {
          "optimizer": {
            "enabled": true,
            "runs": 200
          },
          "viaIR": true,
          "outputSelection": {
            "*": {
              "*": [
                "abi",
                "evm.bytecode",
                "evm.deployedBytecode",
                "evm.methodIdentifiers",
                "metadata",
                "storageLayout"
              ],
              "": [
                "ast"
              ]
            }
          }
        }
      },
      "imports": [
        "@openzeppelin/contracts/access/Ownable.sol",
        "@openzeppelin/contracts/utils/Strings.sol",
        "../interfaces/ILearningModule.sol"
      ],
      "versionPragmas": [
        "^0.8.0"
      ],
      "artifacts": [
        "GameAgent"
      ]
    },
    "D:\\work\\leo\\bep007-non-fungible-agents-nfa\\contracts\\templates\\FanCollectibleAgent.sol": {
      "lastModificationDate": 1749679059994,
      "contentHash": "a2465e7549e79bc734a9ac5d6bfe8e89",
      "sourceName": "contracts/templates/FanCollectibleAgent.sol",
      "solcConfig": {
        "version": "0.8.17",
        "settings": {
          "optimizer": {
            "enabled": true,
            "runs": 200
          },
          "viaIR": true,
          "outputSelection": {
            "*": {
              "*": [
                "abi",
                "evm.bytecode",
                "evm.deployedBytecode",
                "evm.methodIdentifiers",
                "metadata",
                "storageLayout"
              ],
              "": [
                "ast"
              ]
            }
          }
        }
      },
      "imports": [
        "@openzeppelin/contracts/access/Ownable.sol",
        "@openzeppelin/contracts/utils/Strings.sol",
        "@openzeppelin/contracts/security/ReentrancyGuard.sol",
        "../interfaces/ILearningModule.sol"
      ],
      "versionPragmas": [
        "^0.8.0"
      ],
      "artifacts": [
        "FanCollectibleAgent"
      ]
    },
    "D:\\work\\leo\\bep007-non-fungible-agents-nfa\\contracts\\templates\\DAOAgent.sol": {
      "lastModificationDate": 1749679053276,
      "contentHash": "3cedc423e7f447efd38ebdbdda84bb02",
      "sourceName": "contracts/templates/DAOAgent.sol",
      "solcConfig": {
        "version": "0.8.17",
        "settings": {
          "optimizer": {
            "enabled": true,
            "runs": 200
          },
          "viaIR": true,
          "outputSelection": {
            "*": {
              "*": [
                "abi",
                "evm.bytecode",
                "evm.deployedBytecode",
                "evm.methodIdentifiers",
                "metadata",
                "storageLayout"
              ],
              "": [
                "ast"
              ]
            }
          }
        }
      },
      "imports": [
        "@openzeppelin/contracts/access/Ownable.sol",
        "../interfaces/ILearningModule.sol"
      ],
      "versionPragmas": [
        "^0.8.0"
      ],
      "artifacts": [
        "DAOAgent"
      ]
    },
    "D:\\work\\leo\\bep007-non-fungible-agents-nfa\\contracts\\templates\\CreatorAgent.sol": {
      "lastModificationDate": 1749679050990,
      "contentHash": "b57e079870be0ae00fa4c62a27455fe3",
      "sourceName": "contracts/templates/CreatorAgent.sol",
      "solcConfig": {
        "version": "0.8.17",
        "settings": {
          "optimizer": {
            "enabled": true,
            "runs": 200
          },
          "viaIR": true,
          "outputSelection": {
            "*": {
              "*": [
                "abi",
                "evm.bytecode",
                "evm.deployedBytecode",
                "evm.methodIdentifiers",
                "metadata",
                "storageLayout"
              ],
              "": [
                "ast"
              ]
            }
          }
        }
      },
      "imports": [
        "@openzeppelin/contracts/access/Ownable.sol",
        "@openzeppelin/contracts/token/ERC20/IERC20.sol",
        "@openzeppelin/contracts/security/ReentrancyGuard.sol",
        "../interfaces/ILearningModule.sol"
      ],
      "versionPragmas": [
        "^0.8.0"
      ],
      "artifacts": [
        "CreatorAgent"
      ]
    },
    "D:\\work\\leo\\bep007-non-fungible-agents-nfa\\contracts\\BEP007Treasury.sol": {
      "lastModificationDate": 1749679034334,
      "contentHash": "2d26193e1370dcd658ba79d7f5b7f553",
      "sourceName": "contracts/BEP007Treasury.sol",
      "solcConfig": {
        "version": "0.8.17",
        "settings": {
          "optimizer": {
            "enabled": true,
            "runs": 200
          },
          "viaIR": true,
          "outputSelection": {
            "*": {
              "*": [
                "abi",
                "evm.bytecode",
                "evm.deployedBytecode",
                "evm.methodIdentifiers",
                "metadata",
                "storageLayout"
              ],
              "": [
                "ast"
              ]
            }
          }
        }
      },
      "imports": [
        "@openzeppelin/contracts-upgradeable/proxy/utils/Initializable.sol",
        "@openzeppelin/contracts-upgradeable/access/OwnableUpgradeable.sol",
        "@openzeppelin/contracts-upgradeable/security/ReentrancyGuardUpgradeable.sol"
      ],
      "versionPragmas": [
        "^0.8.0"
      ],
      "artifacts": [
        "BEP007Treasury"
      ]
    },
    "D:\\work\\leo\\bep007-non-fungible-agents-nfa\\contracts\\CircuitBreaker.sol": {
      "lastModificationDate": 1749679036693,
      "contentHash": "cbb5a0a753845d52fe93fd76166c33fc",
      "sourceName": "contracts/CircuitBreaker.sol",
      "solcConfig": {
        "version": "0.8.17",
        "settings": {
          "optimizer": {
            "enabled": true,
            "runs": 200
          },
          "viaIR": true,
          "outputSelection": {
            "*": {
              "*": [
                "abi",
                "evm.bytecode",
                "evm.deployedBytecode",
                "evm.methodIdentifiers",
                "metadata",
                "storageLayout"
              ],
              "": [
                "ast"
              ]
            }
          }
        }
      },
      "imports": [
        "@openzeppelin/contracts-upgradeable/proxy/utils/Initializable.sol",
        "@openzeppelin/contracts-upgradeable/access/OwnableUpgradeable.sol"
      ],
      "versionPragmas": [
        "^0.8.0"
      ],
      "artifacts": [
        "CircuitBreaker"
      ]
    }
  }
}
