{
  "manifestVersion": "3.2",
  "admin": {
    "address": "0x92265796aBC6D73ce894AD0908ef49bB691D4F07",
    "txHash": "0x62f3836699da8970024ea9f57fff1e7f63bea0a92e25c603fe82b3160a099e4e"
  },
  "proxies": [
    {
      "address": "0x9d7f5E3a46FAb5B5081Bfa2E97C094ff8488245c",
      "txHash": "0xc3e4d0a7b082604798cd5c5392b80d1792a0decf40a44709fb7d55ecc07f4766",
      "kind": "uups"
    },
    {
      "address": "0xC252C3469735f9874720eF96f0764CD20dC30da7",
      "txHash": "0xf18f833a7538701ba0564361f374bfe4bd8efd96c04b851ac318dd73e9ac2d55",
      "kind": "uups"
    },
    {
      "address": "0xa2d6b96D1D0A4966546B8D4c5EaA050bc27778ad",
      "txHash": "0x70d1a7f10c103516fc1c0860fb9b8d80429c9beffe8a82bf39753723118112a9",
      "kind": "uups"
    },
    {
      "address": "0x383796fFC645088F9Cd3592529719973C58d7508",
      "txHash": "0x1cc9feada1b4ffa1162eac5d546da425b7b22d738cb7bebbb17ec637643b4da2",
      "kind": "transparent"
    }
  ],
  "impls": {
    "f508a442d4b06fc1a4f0cb2e99cfb682560262200a8de02dfabb500e68d02a6a": {
      "address": "0x24061b8b19be1b7B597D012750811E6B4Edb3C28",
      "txHash": "0x665a2225591850e79873c6d90c2e9c624ac187922cf8d2936e2154264e1b0534",
      "layout": {
        "solcVersion": "0.8.17",
        "storage": [
          {
            "label": "_initialized",
            "offset": 0,
            "slot": "0",
            "type": "t_uint8",
            "contract": "Initializable",
            "src": "@openzeppelin\\contracts-upgradeable\\proxy\\utils\\Initializable.sol:63",
            "retypedFrom": "bool"
          },
          {
            "label": "_initializing",
            "offset": 1,
            "slot": "0",
            "type": "t_bool",
            "contract": "Initializable",
            "src": "@openzeppelin\\contracts-upgradeable\\proxy\\utils\\Initializable.sol:68"
          },
          {
            "label": "__gap",
            "offset": 0,
            "slot": "1",
            "type": "t_array(t_uint256)50_storage",
            "contract": "ContextUpgradeable",
            "src": "@openzeppelin\\contracts-upgradeable\\utils\\ContextUpgradeable.sol:40"
          },
          {
            "label": "__gap",
            "offset": 0,
            "slot": "51",
            "type": "t_array(t_uint256)50_storage",
            "contract": "ERC165Upgradeable",
            "src": "@openzeppelin\\contracts-upgradeable\\utils\\introspection\\ERC165Upgradeable.sol:41"
          },
          {
            "label": "_name",
            "offset": 0,
            "slot": "101",
            "type": "t_string_storage",
            "contract": "ERC721Upgradeable",
            "src": "@openzeppelin\\contracts-upgradeable\\token\\ERC721\\ERC721Upgradeable.sol:25"
          },
          {
            "label": "_symbol",
            "offset": 0,
            "slot": "102",
            "type": "t_string_storage",
            "contract": "ERC721Upgradeable",
            "src": "@openzeppelin\\contracts-upgradeable\\token\\ERC721\\ERC721Upgradeable.sol:28"
          },
          {
            "label": "_owners",
            "offset": 0,
            "slot": "103",
            "type": "t_mapping(t_uint256,t_address)",
            "contract": "ERC721Upgradeable",
            "src": "@openzeppelin\\contracts-upgradeable\\token\\ERC721\\ERC721Upgradeable.sol:31"
          },
          {
            "label": "_balances",
            "offset": 0,
            "slot": "104",
            "type": "t_mapping(t_address,t_uint256)",
            "contract": "ERC721Upgradeable",
            "src": "@openzeppelin\\contracts-upgradeable\\token\\ERC721\\ERC721Upgradeable.sol:34"
          },
          {
            "label": "_tokenApprovals",
            "offset": 0,
            "slot": "105",
            "type": "t_mapping(t_uint256,t_address)",
            "contract": "ERC721Upgradeable",
            "src": "@openzeppelin\\contracts-upgradeable\\token\\ERC721\\ERC721Upgradeable.sol:37"
          },
          {
            "label": "_operatorApprovals",
            "offset": 0,
            "slot": "106",
            "type": "t_mapping(t_address,t_mapping(t_address,t_bool))",
            "contract": "ERC721Upgradeable",
            "src": "@openzeppelin\\contracts-upgradeable\\token\\ERC721\\ERC721Upgradeable.sol:40"
          },
          {
            "label": "__gap",
            "offset": 0,
            "slot": "107",
            "type": "t_array(t_uint256)44_storage",
            "contract": "ERC721Upgradeable",
            "src": "@openzeppelin\\contracts-upgradeable\\token\\ERC721\\ERC721Upgradeable.sol:477"
          },
          {
            "label": "_ownedTokens",
            "offset": 0,
            "slot": "151",
            "type": "t_mapping(t_address,t_mapping(t_uint256,t_uint256))",
            "contract": "ERC721EnumerableUpgradeable",
            "src": "@openzeppelin\\contracts-upgradeable\\token\\ERC721\\extensions\\ERC721EnumerableUpgradeable.sol:17"
          },
          {
            "label": "_ownedTokensIndex",
            "offset": 0,
            "slot": "152",
            "type": "t_mapping(t_uint256,t_uint256)",
            "contract": "ERC721EnumerableUpgradeable",
            "src": "@openzeppelin\\contracts-upgradeable\\token\\ERC721\\extensions\\ERC721EnumerableUpgradeable.sol:20"
          },
          {
            "label": "_allTokens",
            "offset": 0,
            "slot": "153",
            "type": "t_array(t_uint256)dyn_storage",
            "contract": "ERC721EnumerableUpgradeable",
            "src": "@openzeppelin\\contracts-upgradeable\\token\\ERC721\\extensions\\ERC721EnumerableUpgradeable.sol:23"
          },
          {
            "label": "_allTokensIndex",
            "offset": 0,
            "slot": "154",
            "type": "t_mapping(t_uint256,t_uint256)",
            "contract": "ERC721EnumerableUpgradeable",
            "src": "@openzeppelin\\contracts-upgradeable\\token\\ERC721\\extensions\\ERC721EnumerableUpgradeable.sol:26"
          },
          {
            "label": "__gap",
            "offset": 0,
            "slot": "155",
            "type": "t_array(t_uint256)46_storage",
            "contract": "ERC721EnumerableUpgradeable",
            "src": "@openzeppelin\\contracts-upgradeable\\token\\ERC721\\extensions\\ERC721EnumerableUpgradeable.sol:171"
          },
          {
            "label": "_tokenURIs",
            "offset": 0,
            "slot": "201",
            "type": "t_mapping(t_uint256,t_string_storage)",
            "contract": "ERC721URIStorageUpgradeable",
            "src": "@openzeppelin\\contracts-upgradeable\\token\\ERC721\\extensions\\ERC721URIStorageUpgradeable.sol:17"
          },
          {
            "label": "__gap",
            "offset": 0,
            "slot": "202",
            "type": "t_array(t_uint256)49_storage",
            "contract": "ERC721URIStorageUpgradeable",
            "src": "@openzeppelin\\contracts-upgradeable\\token\\ERC721\\extensions\\ERC721URIStorageUpgradeable.sol:86"
          },
          {
            "label": "_status",
            "offset": 0,
            "slot": "251",
            "type": "t_uint256",
            "contract": "ReentrancyGuardUpgradeable",
            "src": "@openzeppelin\\contracts-upgradeable\\security\\ReentrancyGuardUpgradeable.sol:38"
          },
          {
            "label": "__gap",
            "offset": 0,
            "slot": "252",
            "type": "t_array(t_uint256)49_storage",
            "contract": "ReentrancyGuardUpgradeable",
            "src": "@openzeppelin\\contracts-upgradeable\\security\\ReentrancyGuardUpgradeable.sol:88"
          },
          {
            "label": "_owner",
            "offset": 0,
            "slot": "301",
            "type": "t_address",
            "contract": "OwnableUpgradeable",
            "src": "@openzeppelin\\contracts-upgradeable\\access\\OwnableUpgradeable.sol:22"
          },
          {
            "label": "__gap",
            "offset": 0,
            "slot": "302",
            "type": "t_array(t_uint256)49_storage",
            "contract": "OwnableUpgradeable",
            "src": "@openzeppelin\\contracts-upgradeable\\access\\OwnableUpgradeable.sol:94"
          },
          {
            "label": "__gap",
            "offset": 0,
            "slot": "351",
            "type": "t_array(t_uint256)50_storage",
            "contract": "ERC1967UpgradeUpgradeable",
            "src": "@openzeppelin\\contracts-upgradeable\\proxy\\ERC1967\\ERC1967UpgradeUpgradeable.sol:169"
          },
          {
            "label": "__gap",
            "offset": 0,
            "slot": "401",
            "type": "t_array(t_uint256)50_storage",
            "contract": "UUPSUpgradeable",
            "src": "@openzeppelin\\contracts-upgradeable\\proxy\\utils\\UUPSUpgradeable.sol:111"
          },
          {
            "label": "_tokenIdCounter",
            "offset": 0,
            "slot": "451",
            "type": "t_struct(Counter)3001_storage",
            "contract": "BEP007",
            "src": "contracts\\BEP007.sol:30"
          },
          {
            "label": "governance",
            "offset": 0,
            "slot": "452",
            "type": "t_address",
            "contract": "BEP007",
            "src": "contracts\\BEP007.sol:33"
          },
          {
            "label": "experienceModuleRegistry",
            "offset": 0,
            "slot": "453",
            "type": "t_address",
            "contract": "BEP007",
            "src": "contracts\\BEP007.sol:36"
          },
          {
            "label": "_agentStates",
            "offset": 0,
            "slot": "454",
            "type": "t_mapping(t_uint256,t_struct(State)5382_storage)",
            "contract": "BEP007",
            "src": "contracts\\BEP007.sol:39"
          },
          {
            "label": "_agentMetadataURIs",
            "offset": 0,
            "slot": "455",
            "type": "t_mapping(t_uint256,t_string_storage)",
            "contract": "BEP007",
            "src": "contracts\\BEP007.sol:42"
          },
          {
            "label": "_agentExtendedMetadata",
            "offset": 0,
            "slot": "456",
            "type": "t_mapping(t_uint256,t_struct(AgentMetadata)5395_storage)",
            "contract": "BEP007",
            "src": "contracts\\BEP007.sol:45"
          },
          {
            "label": "globalPause",
            "offset": 0,
            "slot": "457",
            "type": "t_bool",
            "contract": "BEP007",
            "src": "contracts\\BEP007.sol:48"
          }
        ],
        "types": {
          "t_address": {
            "label": "address",
            "numberOfBytes": "20"
          },
          "t_array(t_uint256)44_storage": {
            "label": "uint256[44]",
            "numberOfBytes": "1408"
          },
          "t_array(t_uint256)46_storage": {
            "label": "uint256[46]",
            "numberOfBytes": "1472"
          },
          "t_array(t_uint256)49_storage": {
            "label": "uint256[49]",
            "numberOfBytes": "1568"
          },
          "t_array(t_uint256)50_storage": {
            "label": "uint256[50]",
            "numberOfBytes": "1600"
          },
          "t_array(t_uint256)dyn_storage": {
            "label": "uint256[]",
            "numberOfBytes": "32"
          },
          "t_bool": {
            "label": "bool",
            "numberOfBytes": "1"
          },
          "t_bytes32": {
            "label": "bytes32",
            "numberOfBytes": "32"
          },
          "t_mapping(t_address,t_bool)": {
            "label": "mapping(address => bool)",
            "numberOfBytes": "32"
          },
          "t_mapping(t_address,t_mapping(t_address,t_bool))": {
            "label": "mapping(address => mapping(address => bool))",
            "numberOfBytes": "32"
          },
          "t_mapping(t_address,t_mapping(t_uint256,t_uint256))": {
            "label": "mapping(address => mapping(uint256 => uint256))",
            "numberOfBytes": "32"
          },
          "t_mapping(t_address,t_uint256)": {
            "label": "mapping(address => uint256)",
            "numberOfBytes": "32"
          },
          "t_mapping(t_uint256,t_address)": {
            "label": "mapping(uint256 => address)",
            "numberOfBytes": "32"
          },
          "t_mapping(t_uint256,t_string_storage)": {
            "label": "mapping(uint256 => string)",
            "numberOfBytes": "32"
          },
          "t_mapping(t_uint256,t_struct(AgentMetadata)5395_storage)": {
            "label": "mapping(uint256 => struct IBEP007.AgentMetadata)",
            "numberOfBytes": "32"
          },
          "t_mapping(t_uint256,t_struct(State)5382_storage)": {
            "label": "mapping(uint256 => struct IBEP007.State)",
            "numberOfBytes": "32"
          },
          "t_mapping(t_uint256,t_uint256)": {
            "label": "mapping(uint256 => uint256)",
            "numberOfBytes": "32"
          },
          "t_string_storage": {
            "label": "string",
            "numberOfBytes": "32"
          },
          "t_struct(AgentMetadata)5395_storage": {
            "label": "struct IBEP007.AgentMetadata",
            "members": [
              {
                "label": "persona",
                "type": "t_string_storage",
                "offset": 0,
                "slot": "0"
              },
              {
                "label": "experience",
                "type": "t_string_storage",
                "offset": 0,
                "slot": "1"
              },
              {
                "label": "voiceHash",
                "type": "t_string_storage",
                "offset": 0,
                "slot": "2"
              },
              {
                "label": "animationURI",
                "type": "t_string_storage",
                "offset": 0,
                "slot": "3"
              },
              {
                "label": "vaultURI",
                "type": "t_string_storage",
                "offset": 0,
                "slot": "4"
              },
              {
                "label": "vaultHash",
                "type": "t_bytes32",
                "offset": 0,
                "slot": "5"
              }
            ],
            "numberOfBytes": "192"
          },
          "t_struct(Counter)3001_storage": {
            "label": "struct CountersUpgradeable.Counter",
            "members": [
              {
                "label": "_value",
                "type": "t_uint256",
                "offset": 0,
                "slot": "0"
              }
            ],
            "numberOfBytes": "32"
          },
          "t_struct(State)5382_storage": {
            "label": "struct IBEP007.State",
            "members": [
              {
                "label": "balance",
                "type": "t_uint256",
                "offset": 0,
                "slot": "0"
              },
              {
                "label": "status",
                "type": "t_uint8",
                "offset": 0,
                "slot": "1"
              },
              {
                "label": "owner",
                "type": "t_address",
                "offset": 1,
                "slot": "1"
              },
              {
                "label": "logicAddress",
                "type": "t_address",
                "offset": 0,
                "slot": "2"
              },
              {
                "label": "lastActionTimestamp",
                "type": "t_uint256",
                "offset": 0,
                "slot": "3"
              }
            ],
            "numberOfBytes": "128"
          },
          "t_uint256": {
            "label": "uint256",
            "numberOfBytes": "32"
          },
          "t_uint8": {
            "label": "uint8",
            "numberOfBytes": "1"
          }
        },
        "namespaces": {}
      }
    },
    "61365b3ccc0ef22e8f06840e6fa966da8f1874d515d2cae0baabd1e4f01185ad": {
      "address": "0xe58A8227b66C99d292626A555ED797cFF349d8af",
      "txHash": "0xd516f2c9f4a553aae601307338c2b714a44c2c45a63716cb92940f426f863dc9",
      "layout": {
        "storage": [
          {
            "label": "_initialized",
            "offset": 0,
            "slot": "0",
            "type": "t_uint8",
            "contract": "Initializable",
            "src": "@openzeppelin\\contracts-upgradeable\\proxy\\utils\\Initializable.sol:63",
            "retypedFrom": "bool"
          },
          {
            "label": "_initializing",
            "offset": 1,
            "slot": "0",
            "type": "t_bool",
            "contract": "Initializable",
            "src": "@openzeppelin\\contracts-upgradeable\\proxy\\utils\\Initializable.sol:68"
          },
          {
            "label": "__gap",
            "offset": 0,
            "slot": "1",
            "type": "t_array(t_uint256)50_storage",
            "contract": "ContextUpgradeable",
            "src": "@openzeppelin\\contracts-upgradeable\\utils\\ContextUpgradeable.sol:40"
          },
          {
            "label": "__gap",
            "offset": 0,
            "slot": "51",
            "type": "t_array(t_uint256)50_storage",
            "contract": "ERC165Upgradeable",
            "src": "@openzeppelin\\contracts-upgradeable\\utils\\introspection\\ERC165Upgradeable.sol:41"
          },
          {
            "label": "_name",
            "offset": 0,
            "slot": "101",
            "type": "t_string_storage",
            "contract": "ERC721Upgradeable",
            "src": "@openzeppelin\\contracts-upgradeable\\token\\ERC721\\ERC721Upgradeable.sol:25"
          },
          {
            "label": "_symbol",
            "offset": 0,
            "slot": "102",
            "type": "t_string_storage",
            "contract": "ERC721Upgradeable",
            "src": "@openzeppelin\\contracts-upgradeable\\token\\ERC721\\ERC721Upgradeable.sol:28"
          },
          {
            "label": "_owners",
            "offset": 0,
            "slot": "103",
            "type": "t_mapping(t_uint256,t_address)",
            "contract": "ERC721Upgradeable",
            "src": "@openzeppelin\\contracts-upgradeable\\token\\ERC721\\ERC721Upgradeable.sol:31"
          },
          {
            "label": "_balances",
            "offset": 0,
            "slot": "104",
            "type": "t_mapping(t_address,t_uint256)",
            "contract": "ERC721Upgradeable",
            "src": "@openzeppelin\\contracts-upgradeable\\token\\ERC721\\ERC721Upgradeable.sol:34"
          },
          {
            "label": "_tokenApprovals",
            "offset": 0,
            "slot": "105",
            "type": "t_mapping(t_uint256,t_address)",
            "contract": "ERC721Upgradeable",
            "src": "@openzeppelin\\contracts-upgradeable\\token\\ERC721\\ERC721Upgradeable.sol:37"
          },
          {
            "label": "_operatorApprovals",
            "offset": 0,
            "slot": "106",
            "type": "t_mapping(t_address,t_mapping(t_address,t_bool))",
            "contract": "ERC721Upgradeable",
            "src": "@openzeppelin\\contracts-upgradeable\\token\\ERC721\\ERC721Upgradeable.sol:40"
          },
          {
            "label": "__gap",
            "offset": 0,
            "slot": "107",
            "type": "t_array(t_uint256)44_storage",
            "contract": "ERC721Upgradeable",
            "src": "@openzeppelin\\contracts-upgradeable\\token\\ERC721\\ERC721Upgradeable.sol:477"
          },
          {
            "label": "_ownedTokens",
            "offset": 0,
            "slot": "151",
            "type": "t_mapping(t_address,t_mapping(t_uint256,t_uint256))",
            "contract": "ERC721EnumerableUpgradeable",
            "src": "@openzeppelin\\contracts-upgradeable\\token\\ERC721\\extensions\\ERC721EnumerableUpgradeable.sol:17"
          },
          {
            "label": "_ownedTokensIndex",
            "offset": 0,
            "slot": "152",
            "type": "t_mapping(t_uint256,t_uint256)",
            "contract": "ERC721EnumerableUpgradeable",
            "src": "@openzeppelin\\contracts-upgradeable\\token\\ERC721\\extensions\\ERC721EnumerableUpgradeable.sol:20"
          },
          {
            "label": "_allTokens",
            "offset": 0,
            "slot": "153",
            "type": "t_array(t_uint256)dyn_storage",
            "contract": "ERC721EnumerableUpgradeable",
            "src": "@openzeppelin\\contracts-upgradeable\\token\\ERC721\\extensions\\ERC721EnumerableUpgradeable.sol:23"
          },
          {
            "label": "_allTokensIndex",
            "offset": 0,
            "slot": "154",
            "type": "t_mapping(t_uint256,t_uint256)",
            "contract": "ERC721EnumerableUpgradeable",
            "src": "@openzeppelin\\contracts-upgradeable\\token\\ERC721\\extensions\\ERC721EnumerableUpgradeable.sol:26"
          },
          {
            "label": "__gap",
            "offset": 0,
            "slot": "155",
            "type": "t_array(t_uint256)46_storage",
            "contract": "ERC721EnumerableUpgradeable",
            "src": "@openzeppelin\\contracts-upgradeable\\token\\ERC721\\extensions\\ERC721EnumerableUpgradeable.sol:171"
          },
          {
            "label": "_tokenURIs",
            "offset": 0,
            "slot": "201",
            "type": "t_mapping(t_uint256,t_string_storage)",
            "contract": "ERC721URIStorageUpgradeable",
            "src": "@openzeppelin\\contracts-upgradeable\\token\\ERC721\\extensions\\ERC721URIStorageUpgradeable.sol:17"
          },
          {
            "label": "__gap",
            "offset": 0,
            "slot": "202",
            "type": "t_array(t_uint256)49_storage",
            "contract": "ERC721URIStorageUpgradeable",
            "src": "@openzeppelin\\contracts-upgradeable\\token\\ERC721\\extensions\\ERC721URIStorageUpgradeable.sol:86"
          },
          {
            "label": "_status",
            "offset": 0,
            "slot": "251",
            "type": "t_uint256",
            "contract": "ReentrancyGuardUpgradeable",
            "src": "@openzeppelin\\contracts-upgradeable\\security\\ReentrancyGuardUpgradeable.sol:38"
          },
          {
            "label": "__gap",
            "offset": 0,
            "slot": "252",
            "type": "t_array(t_uint256)49_storage",
            "contract": "ReentrancyGuardUpgradeable",
            "src": "@openzeppelin\\contracts-upgradeable\\security\\ReentrancyGuardUpgradeable.sol:88"
          },
          {
            "label": "_owner",
            "offset": 0,
            "slot": "301",
            "type": "t_address",
            "contract": "OwnableUpgradeable",
            "src": "@openzeppelin\\contracts-upgradeable\\access\\OwnableUpgradeable.sol:22"
          },
          {
            "label": "__gap",
            "offset": 0,
            "slot": "302",
            "type": "t_array(t_uint256)49_storage",
            "contract": "OwnableUpgradeable",
            "src": "@openzeppelin\\contracts-upgradeable\\access\\OwnableUpgradeable.sol:94"
          },
          {
            "label": "__gap",
            "offset": 0,
            "slot": "351",
            "type": "t_array(t_uint256)50_storage",
            "contract": "ERC1967UpgradeUpgradeable",
            "src": "@openzeppelin\\contracts-upgradeable\\proxy\\ERC1967\\ERC1967UpgradeUpgradeable.sol:169"
          },
          {
            "label": "__gap",
            "offset": 0,
            "slot": "401",
            "type": "t_array(t_uint256)50_storage",
            "contract": "UUPSUpgradeable",
            "src": "@openzeppelin\\contracts-upgradeable\\proxy\\utils\\UUPSUpgradeable.sol:111"
          },
          {
            "label": "_tokenIdCounter",
            "offset": 0,
            "slot": "451",
            "type": "t_struct(Counter)3001_storage",
            "contract": "BEP007",
            "src": "contracts\\BEP007.sol:29"
          },
          {
            "label": "governance",
            "offset": 0,
            "slot": "452",
            "type": "t_address",
            "contract": "BEP007",
            "src": "contracts\\BEP007.sol:32"
          },
          {
            "label": "experienceModuleRegistry",
            "offset": 0,
            "slot": "453",
            "type": "t_address",
            "contract": "BEP007",
            "src": "contracts\\BEP007.sol:35"
          },
          {
            "label": "_agentStates",
            "offset": 0,
            "slot": "454",
            "type": "t_mapping(t_uint256,t_struct(State)5350_storage)",
            "contract": "BEP007",
            "src": "contracts\\BEP007.sol:38"
          },
          {
            "label": "_agentMetadataURIs",
            "offset": 0,
            "slot": "455",
            "type": "t_mapping(t_uint256,t_string_storage)",
            "contract": "BEP007",
            "src": "contracts\\BEP007.sol:41"
          },
          {
            "label": "_agentExtendedMetadata",
            "offset": 0,
            "slot": "456",
            "type": "t_mapping(t_uint256,t_struct(AgentMetadata)5363_storage)",
            "contract": "BEP007",
            "src": "contracts\\BEP007.sol:44"
          },
          {
            "label": "globalPause",
            "offset": 0,
            "slot": "457",
            "type": "t_bool",
            "contract": "BEP007",
            "src": "contracts\\BEP007.sol:47"
          }
        ],
        "types": {
          "t_address": {
            "label": "address",
            "numberOfBytes": "20"
          },
          "t_array(t_uint256)44_storage": {
            "label": "uint256[44]",
            "numberOfBytes": "1408"
          },
          "t_array(t_uint256)46_storage": {
            "label": "uint256[46]",
            "numberOfBytes": "1472"
          },
          "t_array(t_uint256)49_storage": {
            "label": "uint256[49]",
            "numberOfBytes": "1568"
          },
          "t_array(t_uint256)50_storage": {
            "label": "uint256[50]",
            "numberOfBytes": "1600"
          },
          "t_array(t_uint256)dyn_storage": {
            "label": "uint256[]",
            "numberOfBytes": "32"
          },
          "t_bool": {
            "label": "bool",
            "numberOfBytes": "1"
          },
          "t_bytes32": {
            "label": "bytes32",
            "numberOfBytes": "32"
          },
          "t_enum(Status)5338": {
            "label": "enum IBEP007.Status",
            "members": [
              "Active",
              "Paused",
              "Terminated"
            ],
            "numberOfBytes": "1"
          },
          "t_mapping(t_address,t_bool)": {
            "label": "mapping(address => bool)",
            "numberOfBytes": "32"
          },
          "t_mapping(t_address,t_mapping(t_address,t_bool))": {
            "label": "mapping(address => mapping(address => bool))",
            "numberOfBytes": "32"
          },
          "t_mapping(t_address,t_mapping(t_uint256,t_uint256))": {
            "label": "mapping(address => mapping(uint256 => uint256))",
            "numberOfBytes": "32"
          },
          "t_mapping(t_address,t_uint256)": {
            "label": "mapping(address => uint256)",
            "numberOfBytes": "32"
          },
          "t_mapping(t_uint256,t_address)": {
            "label": "mapping(uint256 => address)",
            "numberOfBytes": "32"
          },
          "t_mapping(t_uint256,t_string_storage)": {
            "label": "mapping(uint256 => string)",
            "numberOfBytes": "32"
          },
          "t_mapping(t_uint256,t_struct(AgentMetadata)5363_storage)": {
            "label": "mapping(uint256 => struct IBEP007.AgentMetadata)",
            "numberOfBytes": "32"
          },
          "t_mapping(t_uint256,t_struct(State)5350_storage)": {
            "label": "mapping(uint256 => struct IBEP007.State)",
            "numberOfBytes": "32"
          },
          "t_mapping(t_uint256,t_uint256)": {
            "label": "mapping(uint256 => uint256)",
            "numberOfBytes": "32"
          },
          "t_string_storage": {
            "label": "string",
            "numberOfBytes": "32"
          },
          "t_struct(AgentMetadata)5363_storage": {
            "label": "struct IBEP007.AgentMetadata",
            "members": [
              {
                "label": "persona",
                "type": "t_string_storage",
                "offset": 0,
                "slot": "0"
              },
              {
                "label": "experience",
                "type": "t_string_storage",
                "offset": 0,
                "slot": "1"
              },
              {
                "label": "voiceHash",
                "type": "t_string_storage",
                "offset": 0,
                "slot": "2"
              },
              {
                "label": "animationURI",
                "type": "t_string_storage",
                "offset": 0,
                "slot": "3"
              },
              {
                "label": "vaultURI",
                "type": "t_string_storage",
                "offset": 0,
                "slot": "4"
              },
              {
                "label": "vaultHash",
                "type": "t_bytes32",
                "offset": 0,
                "slot": "5"
              }
            ],
            "numberOfBytes": "192"
          },
          "t_struct(Counter)3001_storage": {
            "label": "struct CountersUpgradeable.Counter",
            "members": [
              {
                "label": "_value",
                "type": "t_uint256",
                "offset": 0,
                "slot": "0"
              }
            ],
            "numberOfBytes": "32"
          },
          "t_struct(State)5350_storage": {
            "label": "struct IBEP007.State",
            "members": [
              {
                "label": "balance",
                "type": "t_uint256",
                "offset": 0,
                "slot": "0"
              },
              {
                "label": "status",
                "type": "t_enum(Status)5338",
                "offset": 0,
                "slot": "1"
              },
              {
                "label": "owner",
                "type": "t_address",
                "offset": 1,
                "slot": "1"
              },
              {
                "label": "logicAddress",
                "type": "t_address",
                "offset": 0,
                "slot": "2"
              },
              {
                "label": "lastActionTimestamp",
                "type": "t_uint256",
                "offset": 0,
                "slot": "3"
              }
            ],
            "numberOfBytes": "128"
          },
          "t_uint256": {
            "label": "uint256",
            "numberOfBytes": "32"
          },
          "t_uint8": {
            "label": "uint8",
            "numberOfBytes": "1"
          }
        },
        "namespaces": {}
      }
    },
    "d7b15bbc17f0cef1f9c07a0d4025c52f8020b5b9d87dfdda5afabffb7b9d5cf4": {
      "address": "0x48ce653287AA9dF9C19A4582B11e4ABFd45E2238",
      "txHash": "0x075dd588e8fc3d83b7e06238a5d77e81c2832ea9adf22b52c487364ac74d484f",
      "layout": {
        "storage": [
          {
            "label": "_initialized",
            "offset": 0,
            "slot": "0",
            "type": "t_uint8",
            "contract": "Initializable",
            "src": "@openzeppelin\\contracts-upgradeable\\proxy\\utils\\Initializable.sol:63",
            "retypedFrom": "bool"
          },
          {
            "label": "_initializing",
            "offset": 1,
            "slot": "0",
            "type": "t_bool",
            "contract": "Initializable",
            "src": "@openzeppelin\\contracts-upgradeable\\proxy\\utils\\Initializable.sol:68"
          },
          {
            "label": "__gap",
            "offset": 0,
            "slot": "1",
            "type": "t_array(t_uint256)50_storage",
            "contract": "ContextUpgradeable",
            "src": "@openzeppelin\\contracts-upgradeable\\utils\\ContextUpgradeable.sol:40"
          },
          {
            "label": "_owner",
            "offset": 0,
            "slot": "51",
            "type": "t_address",
            "contract": "OwnableUpgradeable",
            "src": "@openzeppelin\\contracts-upgradeable\\access\\OwnableUpgradeable.sol:22"
          },
          {
            "label": "__gap",
            "offset": 0,
            "slot": "52",
            "type": "t_array(t_uint256)49_storage",
            "contract": "OwnableUpgradeable",
            "src": "@openzeppelin\\contracts-upgradeable\\access\\OwnableUpgradeable.sol:94"
          },
          {
            "label": "__gap",
            "offset": 0,
            "slot": "101",
            "type": "t_array(t_uint256)50_storage",
            "contract": "ERC1967UpgradeUpgradeable",
            "src": "@openzeppelin\\contracts-upgradeable\\proxy\\ERC1967\\ERC1967UpgradeUpgradeable.sol:169"
          },
          {
            "label": "__gap",
            "offset": 0,
            "slot": "151",
            "type": "t_array(t_uint256)50_storage",
            "contract": "UUPSUpgradeable",
            "src": "@openzeppelin\\contracts-upgradeable\\proxy\\utils\\UUPSUpgradeable.sol:111"
          },
          {
            "label": "bep007Token",
            "offset": 0,
            "slot": "201",
            "type": "t_contract(BEP007)9016",
            "contract": "BEP007Governance",
            "src": "contracts\\BEP007Governance.sol:19"
          },
          {
            "label": "treasury",
            "offset": 0,
            "slot": "202",
            "type": "t_address",
            "contract": "BEP007Governance",
            "src": "contracts\\BEP007Governance.sol:22"
          },
          {
            "label": "agentFactory",
            "offset": 0,
            "slot": "203",
            "type": "t_address",
            "contract": "BEP007Governance",
            "src": "contracts\\BEP007Governance.sol:25"
          },
          {
            "label": "_proposalIdCounter",
            "offset": 0,
            "slot": "204",
            "type": "t_struct(Counter)3127_storage",
            "contract": "BEP007Governance",
            "src": "contracts\\BEP007Governance.sol:28"
          },
          {
            "label": "votingPeriod",
            "offset": 0,
            "slot": "205",
            "type": "t_uint256",
            "contract": "BEP007Governance",
            "src": "contracts\\BEP007Governance.sol:31"
          },
          {
            "label": "quorumPercentage",
            "offset": 0,
            "slot": "206",
            "type": "t_uint256",
            "contract": "BEP007Governance",
            "src": "contracts\\BEP007Governance.sol:32"
          },
          {
            "label": "executionDelay",
            "offset": 0,
            "slot": "207",
            "type": "t_uint256",
            "contract": "BEP007Governance",
            "src": "contracts\\BEP007Governance.sol:33"
          },
          {
            "label": "proposals",
            "offset": 0,
            "slot": "208",
            "type": "t_mapping(t_uint256,t_struct(Proposal)10127_storage)",
            "contract": "BEP007Governance",
            "src": "contracts\\BEP007Governance.sol:51"
          }
        ],
        "types": {
          "t_address": {
            "label": "address",
            "numberOfBytes": "20"
          },
          "t_array(t_uint256)49_storage": {
            "label": "uint256[49]",
            "numberOfBytes": "1568"
          },
          "t_array(t_uint256)50_storage": {
            "label": "uint256[50]",
            "numberOfBytes": "1600"
          },
          "t_bool": {
            "label": "bool",
            "numberOfBytes": "1"
          },
          "t_bytes_storage": {
            "label": "bytes",
            "numberOfBytes": "32"
          },
          "t_contract(BEP007)9016": {
            "label": "contract BEP007",
            "numberOfBytes": "20"
          },
          "t_mapping(t_address,t_bool)": {
            "label": "mapping(address => bool)",
            "numberOfBytes": "32"
          },
          "t_mapping(t_uint256,t_struct(Proposal)10127_storage)": {
            "label": "mapping(uint256 => struct BEP007Governance.Proposal)",
            "numberOfBytes": "32"
          },
          "t_string_storage": {
            "label": "string",
            "numberOfBytes": "32"
          },
          "t_struct(Counter)3127_storage": {
            "label": "struct CountersUpgradeable.Counter",
            "members": [
              {
                "label": "_value",
                "type": "t_uint256",
                "offset": 0,
                "slot": "0"
              }
            ],
            "numberOfBytes": "32"
          },
          "t_struct(Proposal)10127_storage": {
            "label": "struct BEP007Governance.Proposal",
            "members": [
              {
                "label": "id",
                "type": "t_uint256",
                "offset": 0,
                "slot": "0"
              },
              {
                "label": "proposer",
                "type": "t_address",
                "offset": 0,
                "slot": "1"
              },
              {
                "label": "description",
                "type": "t_string_storage",
                "offset": 0,
                "slot": "2"
              },
              {
                "label": "callData",
                "type": "t_bytes_storage",
                "offset": 0,
                "slot": "3"
              },
              {
                "label": "targetContract",
                "type": "t_address",
                "offset": 0,
                "slot": "4"
              },
              {
                "label": "createdAt",
                "type": "t_uint256",
                "offset": 0,
                "slot": "5"
              },
              {
                "label": "votesFor",
                "type": "t_uint256",
                "offset": 0,
                "slot": "6"
              },
              {
                "label": "votesAgainst",
                "type": "t_uint256",
                "offset": 0,
                "slot": "7"
              },
              {
                "label": "executed",
                "type": "t_bool",
                "offset": 0,
                "slot": "8"
              },
              {
                "label": "canceled",
                "type": "t_bool",
                "offset": 1,
                "slot": "8"
              },
              {
                "label": "hasVoted",
                "type": "t_mapping(t_address,t_bool)",
                "offset": 0,
                "slot": "9"
              }
            ],
            "numberOfBytes": "320"
          },
          "t_uint256": {
            "label": "uint256",
            "numberOfBytes": "32"
          },
          "t_uint8": {
            "label": "uint8",
            "numberOfBytes": "1"
          }
        },
        "namespaces": {}
      }
    },
    "358e1309ef11ad98393819bfaabf57b271cc3c389fa0181f469b5a31f4f715ae": {
      "address": "0xAf5E08f9a777F10dE10f4e4D429f40481676af91",
      "txHash": "0xf4be2b7f5a795909fc6dc9366564e5d597bced9d8de1d2c6c9e09533ca8648f6",
      "layout": {
        "storage": [
          {
            "label": "_initialized",
            "offset": 0,
            "slot": "0",
            "type": "t_uint8",
            "contract": "Initializable",
            "src": "@openzeppelin\\contracts-upgradeable\\proxy\\utils\\Initializable.sol:63",
            "retypedFrom": "bool"
          },
          {
            "label": "_initializing",
            "offset": 1,
            "slot": "0",
            "type": "t_bool",
            "contract": "Initializable",
            "src": "@openzeppelin\\contracts-upgradeable\\proxy\\utils\\Initializable.sol:68"
          },
          {
            "label": "__gap",
            "offset": 0,
            "slot": "1",
            "type": "t_array(t_uint256)50_storage",
            "contract": "ContextUpgradeable",
            "src": "@openzeppelin\\contracts-upgradeable\\utils\\ContextUpgradeable.sol:40"
          },
          {
            "label": "_owner",
            "offset": 0,
            "slot": "51",
            "type": "t_address",
            "contract": "OwnableUpgradeable",
            "src": "@openzeppelin\\contracts-upgradeable\\access\\OwnableUpgradeable.sol:22"
          },
          {
            "label": "__gap",
            "offset": 0,
            "slot": "52",
            "type": "t_array(t_uint256)49_storage",
            "contract": "OwnableUpgradeable",
            "src": "@openzeppelin\\contracts-upgradeable\\access\\OwnableUpgradeable.sol:94"
          },
          {
            "label": "governance",
            "offset": 0,
            "slot": "101",
            "type": "t_address",
            "contract": "CircuitBreaker",
            "src": "contracts\\CircuitBreaker.sol:13"
          },
          {
            "label": "emergencyMultiSig",
            "offset": 0,
            "slot": "102",
            "type": "t_address",
            "contract": "CircuitBreaker",
            "src": "contracts\\CircuitBreaker.sol:16"
          },
          {
            "label": "globalPause",
            "offset": 20,
            "slot": "102",
            "type": "t_bool",
            "contract": "CircuitBreaker",
            "src": "contracts\\CircuitBreaker.sol:19"
          },
          {
            "label": "contractPauses",
            "offset": 0,
            "slot": "103",
            "type": "t_mapping(t_address,t_bool)",
            "contract": "CircuitBreaker",
            "src": "contracts\\CircuitBreaker.sol:22"
          }
        ],
        "types": {
          "t_address": {
            "label": "address",
            "numberOfBytes": "20"
          },
          "t_array(t_uint256)49_storage": {
            "label": "uint256[49]",
            "numberOfBytes": "1568"
          },
          "t_array(t_uint256)50_storage": {
            "label": "uint256[50]",
            "numberOfBytes": "1600"
          },
          "t_bool": {
            "label": "bool",
            "numberOfBytes": "1"
          },
          "t_mapping(t_address,t_bool)": {
            "label": "mapping(address => bool)",
            "numberOfBytes": "32"
          },
          "t_uint256": {
            "label": "uint256",
            "numberOfBytes": "32"
          },
          "t_uint8": {
            "label": "uint8",
            "numberOfBytes": "1"
          }
        },
        "namespaces": {}
      }
    }
  }
}
